analysis_set,template,condition,layer,mean_final_token_entity_attention,mean_final_token_entity_contribution_norm
all_100,direct_fact,clean,0,0.010520990649238228,0.13144008338451385
all_100,direct_fact,clean,1,0.0061945094377733765,0.08937582597136498
all_100,direct_fact,clean,2,0.00856875854311511,0.1189815865457058
all_100,direct_fact,clean,3,0.013807873534969985,0.6415950275957585
all_100,direct_fact,clean,4,0.005435186324175448,0.1604836556315422
all_100,direct_fact,clean,5,0.0029115932597778738,0.13718157686293125
all_100,direct_fact,clean,6,0.0034175470378249883,0.12809491090476513
all_100,direct_fact,clean,7,0.0012503358494723215,0.09999342842027545
all_100,direct_fact,clean,8,0.0022245994210243225,0.17432759307324885
all_100,direct_fact,clean,9,0.0038518836803268642,0.3470911329984665
all_100,direct_fact,clean,10,0.0047453436092473565,0.5549267046153545
all_100,direct_fact,clean,11,0.002407639613375068,0.1340047884359956
all_100,direct_fact,clean,12,0.002207146140281111,0.18840126171708108
all_100,direct_fact,clean,13,0.0038688049057964235,0.18645075470209121
all_100,direct_fact,clean,14,0.005872257289011032,0.3279012429714203
all_100,direct_fact,clean,15,0.0023446497006807477,0.19380549095571042
all_100,direct_fact,clean,16,0.0032380691869184374,0.1893576092272997
all_100,direct_fact,clean,17,0.005451409368542954,0.3040756861120462
all_100,direct_fact,clean,18,0.008713204576633871,0.6988720037043095
all_100,direct_fact,clean,19,0.011861830572597683,1.0729613676667213
all_100,direct_fact,clean,20,0.02934532405808568,2.406280955076218
all_100,direct_fact,clean,21,0.09988823771476746,12.64877121448517
all_100,direct_fact,clean,22,0.03940471797250211,4.461847693920135
all_100,direct_fact,clean,23,0.13037724018096924,26.26204538345337
all_100,direct_fact,clean,24,0.14011633224785328,36.570932636260984
all_100,direct_fact,clean,25,0.027229631906375288,16.585256509780884
all_100,direct_fact,clean,26,0.05305014539510012,13.623161735534667
all_100,direct_fact,clean,27,0.05211142672225833,18.1149702835083
all_100,direct_fact,clean,28,0.07843611504882574,46.13522388458252
all_100,direct_fact,clean,29,0.08762644611299038,60.587590065002445
all_100,direct_fact,clean,30,0.04696703398600221,49.240524768829346
all_100,direct_fact,clean,31,0.10238702669739723,106.98998168945313
all_100,direct_fact,clean,32,0.05909697730094195,122.93321481704712
all_100,direct_fact,clean,33,0.09364415656775237,133.6270078277588
all_100,direct_fact,clean,34,0.061438381858170035,120.68969387054443
all_100,direct_fact,clean,35,0.020671762861311435,13.20817126274109
all_100,direct_fact,full_intermediate_bottleneck,0,0.010520990649238228,0.13144008338451385
all_100,direct_fact,full_intermediate_bottleneck,1,0.006244885025080293,0.09027159832417965
all_100,direct_fact,full_intermediate_bottleneck,2,0.008615995573345572,0.11976152520626783
all_100,direct_fact,full_intermediate_bottleneck,3,0.014811110822483898,0.7114362740516662
all_100,direct_fact,full_intermediate_bottleneck,4,0.006047183533664793,0.17639973059296607
all_100,direct_fact,full_intermediate_bottleneck,5,0.0034553430741652846,0.17671422816812993
all_100,direct_fact,full_intermediate_bottleneck,6,0.0033928198856301604,0.12403470426797866
all_100,direct_fact,full_intermediate_bottleneck,7,0.0014075783389853314,0.11954440854489803
all_100,direct_fact,full_intermediate_bottleneck,8,0.002558227254776284,0.20408071860671043
all_100,direct_fact,full_intermediate_bottleneck,9,0.004650816940702498,0.43970451667904853
all_100,direct_fact,full_intermediate_bottleneck,10,0.005041544712148607,0.5987958993017674
all_100,direct_fact,full_intermediate_bottleneck,11,0.00270602140808478,0.1575358187034726
all_100,direct_fact,full_intermediate_bottleneck,12,0.0023340816382551566,0.19864198081195356
all_100,direct_fact,full_intermediate_bottleneck,13,0.004211981870466844,0.20593750186264514
all_100,direct_fact,full_intermediate_bottleneck,14,0.006359383931849152,0.3535644152760506
all_100,direct_fact,full_intermediate_bottleneck,15,0.0026979851309442892,0.22134578913450242
all_100,direct_fact,full_intermediate_bottleneck,16,0.0037811033742036673,0.21992928020656108
all_100,direct_fact,full_intermediate_bottleneck,17,0.007336263379547745,0.4636395420879126
all_100,direct_fact,full_intermediate_bottleneck,18,0.018419635477475823,1.7112408417463303
all_100,direct_fact,full_intermediate_bottleneck,19,0.02148805825971067,1.858574879169464
all_100,direct_fact,full_intermediate_bottleneck,20,0.054683958142995835,4.476533796787262
all_100,direct_fact,full_intermediate_bottleneck,21,0.1653385881334543,18.75150842666626
all_100,direct_fact,full_intermediate_bottleneck,22,0.05319246143102646,5.924011964797973
all_100,direct_fact,full_intermediate_bottleneck,23,0.15016494080424309,28.07219440460205
all_100,direct_fact,full_intermediate_bottleneck,24,0.16483690664172174,38.94150718688965
all_100,direct_fact,full_intermediate_bottleneck,25,0.03021276814863086,16.157596168518065
all_100,direct_fact,full_intermediate_bottleneck,26,0.06493379944935442,22.917703704833983
all_100,direct_fact,full_intermediate_bottleneck,27,0.05801212709397077,20.94990472793579
all_100,direct_fact,full_intermediate_bottleneck,28,0.08458420053124428,46.804148273468016
all_100,direct_fact,full_intermediate_bottleneck,29,0.08654293626546859,56.75476860046387
all_100,direct_fact,full_intermediate_bottleneck,30,0.045897245295345786,45.6120396232605
all_100,direct_fact,full_intermediate_bottleneck,31,0.08740698788315057,86.54291107177734
all_100,direct_fact,full_intermediate_bottleneck,32,0.0511959059163928,98.31866405487061
all_100,direct_fact,full_intermediate_bottleneck,33,0.08269307088106871,115.50070621490478
all_100,direct_fact,full_intermediate_bottleneck,34,0.05766888877376914,98.55000049591064
all_100,direct_fact,full_intermediate_bottleneck,35,0.02547773975878954,15.773683180809021
all_100,direct_fact,early_5_7,0,0.010520990649238228,0.13144008338451385
all_100,direct_fact,early_5_7,1,0.006244885025080293,0.09027159832417965
all_100,direct_fact,early_5_7,2,0.008615995573345572,0.11976152520626783
all_100,direct_fact,early_5_7,3,0.014811110822483898,0.7114362740516662
all_100,direct_fact,early_5_7,4,0.006047183533664793,0.17639973059296607
all_100,direct_fact,early_5_7,5,0.0034553430741652846,0.17671422816812993
all_100,direct_fact,early_5_7,6,0.0034166316082701086,0.12500832475721835
all_100,direct_fact,early_5_7,7,0.0013773194776149466,0.11648835029453039
all_100,direct_fact,early_5_7,8,0.0024211436533369125,0.19268617242574693
all_100,direct_fact,early_5_7,9,0.004315027450211346,0.39973935797810556
all_100,direct_fact,early_5_7,10,0.004906172584742308,0.5754267832636834
all_100,direct_fact,early_5_7,11,0.002578555839136243,0.1477516620606184
all_100,direct_fact,early_5_7,12,0.002274155434570275,0.19319635078310968
all_100,direct_fact,early_5_7,13,0.0041004836896900085,0.1979487407952547
all_100,direct_fact,early_5_7,14,0.0063024464785121385,0.35003588780760764
all_100,direct_fact,early_5_7,15,0.0025117088062688708,0.20618271835148336
all_100,direct_fact,early_5_7,16,0.0035092622984666377,0.2059988457709551
all_100,direct_fact,early_5_7,17,0.006772447855910286,0.4234847939759493
all_100,direct_fact,early_5_7,18,0.015063333678990603,1.3383735507726668
all_100,direct_fact,early_5_7,19,0.018994373762980105,1.6815410572290421
all_100,direct_fact,early_5_7,20,0.04974789272993803,4.2017799949646
all_100,direct_fact,early_5_7,21,0.15070744566619396,17.35526333808899
all_100,direct_fact,early_5_7,22,0.04900079106912017,5.560510032176971
all_100,direct_fact,early_5_7,23,0.143998664021492,28.134596042633056
all_100,direct_fact,early_5_7,24,0.15647578097879886,37.10692226409912
all_100,direct_fact,early_5_7,25,0.027608971307054163,15.16284264087677
all_100,direct_fact,early_5_7,26,0.05683201119303703,17.23289734363556
all_100,direct_fact,early_5_7,27,0.05354426549747586,18.64746403694153
all_100,direct_fact,early_5_7,28,0.08342950388789178,47.52934471130371
all_100,direct_fact,early_5_7,29,0.0872502250224352,57.447397003173826
all_100,direct_fact,early_5_7,30,0.04775493685156107,48.52799243927002
all_100,direct_fact,early_5_7,31,0.09562272280454635,95.70422344207763
all_100,direct_fact,early_5_7,32,0.05617821760475636,111.35256093978882
all_100,direct_fact,early_5_7,33,0.09015305772423744,125.471791305542
all_100,direct_fact,early_5_7,34,0.06115067638456821,109.12868286132813
all_100,direct_fact,early_5_7,35,0.024913637079298497,15.738372659683227
all_100,direct_fact,middle_12_14,0,0.010520990649238228,0.13144008338451385
all_100,direct_fact,middle_12_14,1,0.006244885025080293,0.09027159832417965
all_100,direct_fact,middle_12_14,2,0.008615995573345572,0.11976152520626783
all_100,direct_fact,middle_12_14,3,0.014811110822483898,0.7114362740516662
all_100,direct_fact,middle_12_14,4,0.006047183533664793,0.17639973059296607
all_100,direct_fact,middle_12_14,5,0.0034553430741652846,0.17671422816812993
all_100,direct_fact,middle_12_14,6,0.0033928198856301604,0.12403470426797866
all_100,direct_fact,middle_12_14,7,0.0014075783389853314,0.11954440854489803
all_100,direct_fact,middle_12_14,8,0.002558227254776284,0.20408071860671043
all_100,direct_fact,middle_12_14,9,0.004650816940702498,0.43970451667904853
all_100,direct_fact,middle_12_14,10,0.005041544712148607,0.5987958993017674
all_100,direct_fact,middle_12_14,11,0.00270602140808478,0.1575358187034726
all_100,direct_fact,middle_12_14,12,0.0023340816382551566,0.19864198081195356
all_100,direct_fact,middle_12_14,13,0.0042529049643781035,0.20729170694947244
all_100,direct_fact,middle_12_14,14,0.006359916285146028,0.3547824782133102
all_100,direct_fact,middle_12_14,15,0.0027410435589263218,0.2233514378964901
all_100,direct_fact,middle_12_14,16,0.0038976334419567136,0.226063909009099
all_100,direct_fact,middle_12_14,17,0.0070953913684934375,0.4231157828122377
all_100,direct_fact,middle_12_14,18,0.014231560723856092,1.2628000497817993
all_100,direct_fact,middle_12_14,19,0.017278931653127074,1.5277841454744339
all_100,direct_fact,middle_12_14,20,0.044407722055912015,3.6414892506599426
all_100,direct_fact,middle_12_14,21,0.15184019573032856,17.166860313415526
all_100,direct_fact,middle_12_14,22,0.048979106973856684,5.462690241336823
all_100,direct_fact,middle_12_14,23,0.15017688259482384,29.01855365753174
all_100,direct_fact,middle_12_14,24,0.1534451539069414,36.09421594619751
all_100,direct_fact,middle_12_14,25,0.027125288164243103,14.51860451221466
all_100,direct_fact,middle_12_14,26,0.05792569624260068,17.181213841438293
all_100,direct_fact,middle_12_14,27,0.05617788512259722,19.602134151458742
all_100,direct_fact,middle_12_14,28,0.08421743012964726,48.08311782836914
all_100,direct_fact,middle_12_14,29,0.0879090265929699,58.57768360137939
all_100,direct_fact,middle_12_14,30,0.048062663413584235,48.73959053039551
all_100,direct_fact,middle_12_14,31,0.09804376758635044,98.55811721801757
all_100,direct_fact,middle_12_14,32,0.058010855689644814,115.23547235488891
all_100,direct_fact,middle_12_14,33,0.09261936526745558,129.00943504333497
all_100,direct_fact,middle_12_14,34,0.0630683192051947,113.02190242767334
all_100,direct_fact,middle_12_14,35,0.02436628148891032,15.45732614517212
all_100,direct_fact,later_middle_19_21,0,0.010520990649238228,0.13144008338451385
all_100,direct_fact,later_middle_19_21,1,0.006244885025080293,0.09027159832417965
all_100,direct_fact,later_middle_19_21,2,0.008615995573345572,0.11976152520626783
all_100,direct_fact,later_middle_19_21,3,0.014811110822483898,0.7114362740516662
all_100,direct_fact,later_middle_19_21,4,0.006047183533664793,0.17639973059296607
all_100,direct_fact,later_middle_19_21,5,0.0034553430741652846,0.17671422816812993
all_100,direct_fact,later_middle_19_21,6,0.0033928198856301604,0.12403470426797866
all_100,direct_fact,later_middle_19_21,7,0.0014075783389853314,0.11954440854489803
all_100,direct_fact,later_middle_19_21,8,0.002558227254776284,0.20408071860671043
all_100,direct_fact,later_middle_19_21,9,0.004650816940702498,0.43970451667904853
all_100,direct_fact,later_middle_19_21,10,0.005041544712148607,0.5987958993017674
all_100,direct_fact,later_middle_19_21,11,0.00270602140808478,0.1575358187034726
all_100,direct_fact,later_middle_19_21,12,0.0023340816382551566,0.19864198081195356
all_100,direct_fact,later_middle_19_21,13,0.004211981870466844,0.20593750186264514
all_100,direct_fact,later_middle_19_21,14,0.006359383931849152,0.3535644152760506
all_100,direct_fact,later_middle_19_21,15,0.0026979851309442892,0.22134578913450242
all_100,direct_fact,later_middle_19_21,16,0.0037811033742036673,0.21992928020656108
all_100,direct_fact,later_middle_19_21,17,0.007336263379547745,0.4636395420879126
all_100,direct_fact,later_middle_19_21,18,0.018419635477475823,1.7112408417463303
all_100,direct_fact,later_middle_19_21,19,0.02148805825971067,1.858574879169464
all_100,direct_fact,later_middle_19_21,20,0.052420871797949076,4.177041605710984
all_100,direct_fact,later_middle_19_21,21,0.16168746761977673,18.18521894454956
all_100,direct_fact,later_middle_19_21,22,0.05135875403881073,5.776103427410126
all_100,direct_fact,later_middle_19_21,23,0.16303950637578965,29.91116205215454
all_100,direct_fact,later_middle_19_21,24,0.16482262209057807,37.971291313171385
all_100,direct_fact,later_middle_19_21,25,0.02908548777922988,15.057438445091247
all_100,direct_fact,later_middle_19_21,26,0.06326286673545838,20.110129442214966
all_100,direct_fact,later_middle_19_21,27,0.0587967337295413,20.815043478012086
all_100,direct_fact,later_middle_19_21,28,0.08602903485298156,47.85341579437256
all_100,direct_fact,later_middle_19_21,29,0.09002008263021707,59.30809215545654
all_100,direct_fact,later_middle_19_21,30,0.048727128580212595,48.37454446792603
all_100,direct_fact,later_middle_19_21,31,0.09532768093049526,95.1917456817627
all_100,direct_fact,later_middle_19_21,32,0.0547188500314951,106.23966993331909
all_100,direct_fact,later_middle_19_21,33,0.08772695988416672,122.77049255371094
all_100,direct_fact,later_middle_19_21,34,0.06268539616838098,107.08139526367188
all_100,direct_fact,later_middle_19_21,35,0.025293196942657234,16.280822958946228
all_100,direct_fact,sparse_union,0,0.010520990649238228,0.13144008338451385
all_100,direct_fact,sparse_union,1,0.006244885025080293,0.09027159832417965
all_100,direct_fact,sparse_union,2,0.008615995573345572,0.11976152520626783
all_100,direct_fact,sparse_union,3,0.014811110822483898,0.7114362740516662
all_100,direct_fact,sparse_union,4,0.006047183533664793,0.17639973059296607
all_100,direct_fact,sparse_union,5,0.0034553430741652846,0.17671422816812993
all_100,direct_fact,sparse_union,6,0.0034166316082701086,0.12500832475721835
all_100,direct_fact,sparse_union,7,0.0013773194776149466,0.11648835029453039
all_100,direct_fact,sparse_union,8,0.0024211436533369125,0.19268617242574693
all_100,direct_fact,sparse_union,9,0.004315027450211346,0.39973935797810556
all_100,direct_fact,sparse_union,10,0.004906172584742308,0.5754267832636834
all_100,direct_fact,sparse_union,11,0.002578555839136243,0.1477516620606184
all_100,direct_fact,sparse_union,12,0.002274155434570275,0.19319635078310968
all_100,direct_fact,sparse_union,13,0.004129859106615186,0.1987466637790203
all_100,direct_fact,sparse_union,14,0.006277661803178489,0.34926771312952043
all_100,direct_fact,sparse_union,15,0.0025277356430888176,0.20677434265613556
all_100,direct_fact,sparse_union,16,0.003566724822157994,0.20856985203921796
all_100,direct_fact,sparse_union,17,0.0064677127567119895,0.38417266964912417
all_100,direct_fact,sparse_union,18,0.011604004446417094,1.0002666911482812
all_100,direct_fact,sparse_union,19,0.015113255772739649,1.3811233484745025
all_100,direct_fact,sparse_union,20,0.037610403075814244,3.0869409930706024
all_100,direct_fact,sparse_union,21,0.12541687477380037,14.85563717842102
all_100,direct_fact,sparse_union,22,0.042235019840300085,4.752921285629273
all_100,direct_fact,sparse_union,23,0.14561632744967937,28.354905986785887
all_100,direct_fact,sparse_union,24,0.1453516399115324,33.96313667297363
all_100,direct_fact,sparse_union,25,0.02621248472481966,13.762165951728822
all_100,direct_fact,sparse_union,26,0.058830231092870236,15.736732606887818
all_100,direct_fact,sparse_union,27,0.056184034310281274,19.223921556472778
all_100,direct_fact,sparse_union,28,0.08566455572843551,48.466943359375
all_100,direct_fact,sparse_union,29,0.0924912230297923,62.04789409637451
all_100,direct_fact,sparse_union,30,0.05047603694722056,51.1231032371521
all_100,direct_fact,sparse_union,31,0.106708724796772,107.81609924316406
all_100,direct_fact,sparse_union,32,0.06120811421424151,122.14373607635498
all_100,direct_fact,sparse_union,33,0.09781955506652594,135.4237331390381
all_100,direct_fact,sparse_union,34,0.06799137812107801,121.4947060394287
all_100,direct_fact,sparse_union,35,0.024194080755114554,15.8155113363266
all_100,direct_fact,late_negative_30_32,0,0.010520990649238228,0.13144008338451385
all_100,direct_fact,late_negative_30_32,1,0.006244885025080293,0.09027159832417965
all_100,direct_fact,late_negative_30_32,2,0.008615995573345572,0.11976152520626783
all_100,direct_fact,late_negative_30_32,3,0.014811110822483898,0.7114362740516662
all_100,direct_fact,late_negative_30_32,4,0.006047183533664793,0.17639973059296607
all_100,direct_fact,late_negative_30_32,5,0.0034553430741652846,0.17671422816812993
all_100,direct_fact,late_negative_30_32,6,0.0033928198856301604,0.12403470426797866
all_100,direct_fact,late_negative_30_32,7,0.0014075783389853314,0.11954440854489803
all_100,direct_fact,late_negative_30_32,8,0.002558227254776284,0.20408071860671043
all_100,direct_fact,late_negative_30_32,9,0.004650816940702498,0.43970451667904853
all_100,direct_fact,late_negative_30_32,10,0.005041544712148607,0.5987958993017674
all_100,direct_fact,late_negative_30_32,11,0.00270602140808478,0.1575358187034726
all_100,direct_fact,late_negative_30_32,12,0.0023340816382551566,0.19864198081195356
all_100,direct_fact,late_negative_30_32,13,0.004211981870466844,0.20593750186264514
all_100,direct_fact,late_negative_30_32,14,0.006359383931849152,0.3535644152760506
all_100,direct_fact,late_negative_30_32,15,0.0026979851309442892,0.22134578913450242
all_100,direct_fact,late_negative_30_32,16,0.0037811033742036673,0.21992928020656108
all_100,direct_fact,late_negative_30_32,17,0.007336263379547745,0.4636395420879126
all_100,direct_fact,late_negative_30_32,18,0.018419635477475823,1.7112408417463303
all_100,direct_fact,late_negative_30_32,19,0.02148805825971067,1.858574879169464
all_100,direct_fact,late_negative_30_32,20,0.054683958142995835,4.476533796787262
all_100,direct_fact,late_negative_30_32,21,0.1653385881334543,18.75150842666626
all_100,direct_fact,late_negative_30_32,22,0.05319246143102646,5.924011964797973
all_100,direct_fact,late_negative_30_32,23,0.15016494080424309,28.07219440460205
all_100,direct_fact,late_negative_30_32,24,0.16483690664172174,38.94150718688965
all_100,direct_fact,late_negative_30_32,25,0.03021276814863086,16.157596168518065
all_100,direct_fact,late_negative_30_32,26,0.06493379944935442,22.917703704833983
all_100,direct_fact,late_negative_30_32,27,0.05801212709397077,20.94990472793579
all_100,direct_fact,late_negative_30_32,28,0.08458420053124428,46.804148273468016
all_100,direct_fact,late_negative_30_32,29,0.08654293626546859,56.75476860046387
all_100,direct_fact,late_negative_30_32,30,0.045897245295345786,45.6120396232605
all_100,direct_fact,late_negative_30_32,31,0.08723676003515721,86.37590900421142
all_100,direct_fact,late_negative_30_32,32,0.05126104336231947,98.52388973236084
all_100,direct_fact,late_negative_30_32,33,0.0825594274327159,115.46452583312988
all_100,direct_fact,late_negative_30_32,34,0.05735164122655988,98.57914226531983
all_100,direct_fact,late_negative_30_32,35,0.024954756367951633,15.289788765907288
all_100,person_in_list,clean,0,0.008956682009156794,0.13502970781177281
all_100,person_in_list,clean,1,0.006393985082395375,0.09180259730666876
all_100,person_in_list,clean,2,0.013223528955131769,0.18773273222148418
all_100,person_in_list,clean,3,0.015367405088618398,0.5970335471630096
all_100,person_in_list,clean,4,0.005227882394101471,0.13339766524732113
all_100,person_in_list,clean,5,0.0036890820472035555,0.13170261029154062
all_100,person_in_list,clean,6,0.0039811277121771125,0.10602972479537129
all_100,person_in_list,clean,7,0.0007928054733201862,0.06031063336879015
all_100,person_in_list,clean,8,0.00329190994030796,0.3976545539498329
all_100,person_in_list,clean,9,0.0032378011901164428,0.3633367828279734
all_100,person_in_list,clean,10,0.003927290721330792,0.7107420189678669
all_100,person_in_list,clean,11,0.0015702899644384162,0.11566170498728752
all_100,person_in_list,clean,12,0.001728687371360138,0.08991064473986626
all_100,person_in_list,clean,13,0.0016175802663201467,0.09946240980178117
all_100,person_in_list,clean,14,0.0039028656552545725,0.2758276418596506
all_100,person_in_list,clean,15,0.0017924535006750375,0.12554114684462547
all_100,person_in_list,clean,16,0.003279108195565641,0.5798810970783234
all_100,person_in_list,clean,17,0.005457403312902898,0.4346179124712944
all_100,person_in_list,clean,18,0.007916651631239802,0.9079475672543049
all_100,person_in_list,clean,19,0.011092336126603186,1.1807716125249863
all_100,person_in_list,clean,20,0.01568782693706453,1.3464059716463088
all_100,person_in_list,clean,21,0.05654491836205125,7.2974652373790745
all_100,person_in_list,clean,22,0.017052924036979677,2.0813823318481446
all_100,person_in_list,clean,23,0.06657724717631935,16.37454930782318
all_100,person_in_list,clean,24,0.10861846908926964,34.900572843551636
all_100,person_in_list,clean,25,0.032546500023454425,26.816722049713135
all_100,person_in_list,clean,26,0.03900265783071518,13.384513506889343
all_100,person_in_list,clean,27,0.03835875760298222,16.933335399627687
all_100,person_in_list,clean,28,0.06609022956341505,42.75798984527588
all_100,person_in_list,clean,29,0.07087670627981424,56.8251876449585
all_100,person_in_list,clean,30,0.03407235162332654,38.30479096412659
all_100,person_in_list,clean,31,0.08336458999663592,90.0099882888794
all_100,person_in_list,clean,32,0.047048511849716305,109.02056652069092
all_100,person_in_list,clean,33,0.07824220925569535,121.21030731201172
all_100,person_in_list,clean,34,0.03911128140985966,89.40975078582764
all_100,person_in_list,clean,35,0.01050377756357193,6.199660716056823
all_100,person_in_list,full_intermediate_bottleneck,0,0.008956682009156794,0.13502970781177281
all_100,person_in_list,full_intermediate_bottleneck,1,0.0064328326587565245,0.09266527093946934
all_100,person_in_list,full_intermediate_bottleneck,2,0.013049631342291833,0.182815069667995
all_100,person_in_list,full_intermediate_bottleneck,3,0.01632755534723401,0.6445919851958751
all_100,person_in_list,full_intermediate_bottleneck,4,0.005812804992310703,0.15412997737526893
all_100,person_in_list,full_intermediate_bottleneck,5,0.0039482571836560966,0.14154999893158673
all_100,person_in_list,full_intermediate_bottleneck,6,0.0041679325001314285,0.11867188425734639
all_100,person_in_list,full_intermediate_bottleneck,7,0.0009652132997871376,0.07565090748481453
all_100,person_in_list,full_intermediate_bottleneck,8,0.0038847807690035553,0.46281964585185054
all_100,person_in_list,full_intermediate_bottleneck,9,0.004145120974862948,0.47930109657347203
all_100,person_in_list,full_intermediate_bottleneck,10,0.00457485051243566,0.8280421179533005
all_100,person_in_list,full_intermediate_bottleneck,11,0.0018179189856164157,0.1350649970769882
all_100,person_in_list,full_intermediate_bottleneck,12,0.002049302848172374,0.10702538527548314
all_100,person_in_list,full_intermediate_bottleneck,13,0.001822101641446352,0.11609692987054586
all_100,person_in_list,full_intermediate_bottleneck,14,0.004461869043298066,0.3206879175454378
all_100,person_in_list,full_intermediate_bottleneck,15,0.0019782375311478972,0.12884357068687677
all_100,person_in_list,full_intermediate_bottleneck,16,0.004015644828323275,0.69957982391119
all_100,person_in_list,full_intermediate_bottleneck,17,0.007891919903922826,0.6869406579434871
all_100,person_in_list,full_intermediate_bottleneck,18,0.009749491033144295,1.1053449422121049
all_100,person_in_list,full_intermediate_bottleneck,19,0.012867353642359376,1.423661381304264
all_100,person_in_list,full_intermediate_bottleneck,20,0.01704217832069844,1.5347582548856735
all_100,person_in_list,full_intermediate_bottleneck,21,0.04781531418673694,6.145310868024826
all_100,person_in_list,full_intermediate_bottleneck,22,0.016267127012833952,2.1398078483343124
all_100,person_in_list,full_intermediate_bottleneck,23,0.027449130304157732,5.345635145902634
all_100,person_in_list,full_intermediate_bottleneck,24,0.046774316057562826,10.802721507549286
all_100,person_in_list,full_intermediate_bottleneck,25,0.020542733781039716,8.377151508331298
all_100,person_in_list,full_intermediate_bottleneck,26,0.04041681100614369,14.733386068344116
all_100,person_in_list,full_intermediate_bottleneck,27,0.03277482376433909,15.55082777619362
all_100,person_in_list,full_intermediate_bottleneck,28,0.028163996702060105,13.58077916622162
all_100,person_in_list,full_intermediate_bottleneck,29,0.05258563134819269,36.05189161300659
all_100,person_in_list,full_intermediate_bottleneck,30,0.029182641748338938,32.380520515441894
all_100,person_in_list,full_intermediate_bottleneck,31,0.060745547842234376,60.4954225730896
all_100,person_in_list,full_intermediate_bottleneck,32,0.03922391898930073,84.07596670150757
all_100,person_in_list,full_intermediate_bottleneck,33,0.062012194767594335,89.69245220184327
all_100,person_in_list,full_intermediate_bottleneck,34,0.03553388549014926,78.26253189086914
all_100,person_in_list,full_intermediate_bottleneck,35,0.01292281661182642,7.127184708118438
all_100,person_in_list,early_5_7,0,0.008956682009156794,0.13502970781177281
all_100,person_in_list,early_5_7,1,0.0064328326587565245,0.09266527093946934
all_100,person_in_list,early_5_7,2,0.013049631342291833,0.182815069667995
all_100,person_in_list,early_5_7,3,0.01632755534723401,0.6445919851958751
all_100,person_in_list,early_5_7,4,0.005812804992310703,0.15412997737526893
all_100,person_in_list,early_5_7,5,0.0039482571836560966,0.14154999893158673
all_100,person_in_list,early_5_7,6,0.004190969642950222,0.11931847453117371
all_100,person_in_list,early_5_7,7,0.0009588323289062828,0.0746780906431377
all_100,person_in_list,early_5_7,8,0.0038330923684407026,0.45714200273156164
all_100,person_in_list,early_5_7,9,0.0040133751882240176,0.46310236550867556
all_100,person_in_list,early_5_7,10,0.0044603904988616706,0.8065141573548317
all_100,person_in_list,early_5_7,11,0.0017513281846186146,0.12930255554616452
all_100,person_in_list,early_5_7,12,0.001981007011490874,0.10324072018265724
all_100,person_in_list,early_5_7,13,0.0017891938332468271,0.11424308218061924
all_100,person_in_list,early_5_7,14,0.004402811460895464,0.3141434618085623
all_100,person_in_list,early_5_7,15,0.0019841655052732676,0.12893592718988656
all_100,person_in_list,early_5_7,16,0.00394814679864794,0.6867361387610436
all_100,person_in_list,early_5_7,17,0.007575465617701411,0.6552207536995411
all_100,person_in_list,early_5_7,18,0.009716201850678771,1.1129691891372204
all_100,person_in_list,early_5_7,19,0.012841531662270428,1.4008840045332909
all_100,person_in_list,early_5_7,20,0.016556745544075966,1.4614848959445954
all_100,person_in_list,early_5_7,21,0.05259864202700555,6.673492811918258
all_100,person_in_list,early_5_7,22,0.016932677649892865,2.2628789710998536
all_100,person_in_list,early_5_7,23,0.032793697416782376,6.637711791992188
all_100,person_in_list,early_5_7,24,0.05483829770237207,12.368840169906616
all_100,person_in_list,early_5_7,25,0.023702124338597058,9.816979978084564
all_100,person_in_list,early_5_7,26,0.04590232750400901,17.31169445037842
all_100,person_in_list,early_5_7,27,0.03766607629600913,18.38911610841751
all_100,person_in_list,early_5_7,28,0.03449442315846682,17.473048033714296
all_100,person_in_list,early_5_7,29,0.058512873984873294,40.35432373046875
all_100,person_in_list,early_5_7,30,0.031084078662097454,33.804895076751706
all_100,person_in_list,early_5_7,31,0.06545737706124782,64.80980197906494
all_100,person_in_list,early_5_7,32,0.041686443965882065,87.78117923736572
all_100,person_in_list,early_5_7,33,0.06632621064782143,93.83031578063965
all_100,person_in_list,early_5_7,34,0.03701414842158556,79.1482809638977
all_100,person_in_list,early_5_7,35,0.013226130241528154,7.278900628089905
all_100,person_in_list,middle_12_14,0,0.008956682009156794,0.13502970781177281
all_100,person_in_list,middle_12_14,1,0.0064328326587565245,0.09266527093946934
all_100,person_in_list,middle_12_14,2,0.013049631342291833,0.182815069667995
all_100,person_in_list,middle_12_14,3,0.01632755534723401,0.6445919851958751
all_100,person_in_list,middle_12_14,4,0.005812804992310703,0.15412997737526893
all_100,person_in_list,middle_12_14,5,0.0039482571836560966,0.14154999893158673
all_100,person_in_list,middle_12_14,6,0.0041679325001314285,0.11867188425734639
all_100,person_in_list,middle_12_14,7,0.0009652132997871376,0.07565090748481453
all_100,person_in_list,middle_12_14,8,0.0038847807690035553,0.46281964585185054
all_100,person_in_list,middle_12_14,9,0.004145120974862948,0.47930109657347203
all_100,person_in_list,middle_12_14,10,0.00457485051243566,0.8280421179533005
all_100,person_in_list,middle_12_14,11,0.0018179189856164157,0.1350649970769882
all_100,person_in_list,middle_12_14,12,0.002049302848172374,0.10702538527548314
all_100,person_in_list,middle_12_14,13,0.0018242587987333536,0.11631337333470583
all_100,person_in_list,middle_12_14,14,0.004455189935397357,0.3212247766554356
all_100,person_in_list,middle_12_14,15,0.0019681520719313996,0.12855644725263118
all_100,person_in_list,middle_12_14,16,0.003914048626320436,0.6845650908350944
all_100,person_in_list,middle_12_14,17,0.0071823230129666625,0.6258405223488808
all_100,person_in_list,middle_12_14,18,0.0097836341150105,1.1482957419753075
all_100,person_in_list,middle_12_14,19,0.012918743346817791,1.4150262150168418
all_100,person_in_list,middle_12_14,20,0.01683046049438417,1.5103837847709656
all_100,person_in_list,middle_12_14,21,0.051532918689772486,6.640256112813949
all_100,person_in_list,middle_12_14,22,0.016650325446389617,2.2185151040554048
all_100,person_in_list,middle_12_14,23,0.03177638681605458,6.690894365310669
all_100,person_in_list,middle_12_14,24,0.05523517256602645,12.951455309391022
all_100,person_in_list,middle_12_14,25,0.02343140815384686,10.149169113636017
all_100,person_in_list,middle_12_14,26,0.0484789377450943,19.23088502883911
all_100,person_in_list,middle_12_14,27,0.03873888649046421,18.697190321683884
all_100,person_in_list,middle_12_14,28,0.03589381492696703,18.240470089912414
all_100,person_in_list,middle_12_14,29,0.057994379773736,40.08296119689941
all_100,person_in_list,middle_12_14,30,0.030746923238039018,33.15903871536255
all_100,person_in_list,middle_12_14,31,0.06363868117332458,62.930874824523926
all_100,person_in_list,middle_12_14,32,0.04062815649434924,86.12717100143432
all_100,person_in_list,middle_12_14,33,0.06485155355185271,92.66937767028809
all_100,person_in_list,middle_12_14,34,0.03592044741846621,76.39889692306518
all_100,person_in_list,middle_12_14,35,0.012861716076731682,6.8677731704711915
all_100,person_in_list,later_middle_19_21,0,0.008956682009156794,0.13502970781177281
all_100,person_in_list,later_middle_19_21,1,0.0064328326587565245,0.09266527093946934
all_100,person_in_list,later_middle_19_21,2,0.013049631342291833,0.182815069667995
all_100,person_in_list,later_middle_19_21,3,0.01632755534723401,0.6445919851958751
all_100,person_in_list,later_middle_19_21,4,0.005812804992310703,0.15412997737526893
all_100,person_in_list,later_middle_19_21,5,0.0039482571836560966,0.14154999893158673
all_100,person_in_list,later_middle_19_21,6,0.0041679325001314285,0.11867188425734639
all_100,person_in_list,later_middle_19_21,7,0.0009652132997871376,0.07565090748481453
all_100,person_in_list,later_middle_19_21,8,0.0038847807690035553,0.46281964585185054
all_100,person_in_list,later_middle_19_21,9,0.004145120974862948,0.47930109657347203
all_100,person_in_list,later_middle_19_21,10,0.00457485051243566,0.8280421179533005
all_100,person_in_list,later_middle_19_21,11,0.0018179189856164157,0.1350649970769882
all_100,person_in_list,later_middle_19_21,12,0.002049302848172374,0.10702538527548314
all_100,person_in_list,later_middle_19_21,13,0.001822101641446352,0.11609692987054586
all_100,person_in_list,later_middle_19_21,14,0.004461869043298066,0.3206879175454378
all_100,person_in_list,later_middle_19_21,15,0.0019782375311478972,0.12884357068687677
all_100,person_in_list,later_middle_19_21,16,0.004015644828323275,0.69957982391119
all_100,person_in_list,later_middle_19_21,17,0.007891919903922826,0.6869406579434871
all_100,person_in_list,later_middle_19_21,18,0.009749491033144295,1.1053449422121049
all_100,person_in_list,later_middle_19_21,19,0.012867353642359376,1.423661381304264
all_100,person_in_list,later_middle_19_21,20,0.016196458498016,1.4303482246398926
all_100,person_in_list,later_middle_19_21,21,0.04531099824234843,5.715877822637558
all_100,person_in_list,later_middle_19_21,22,0.017387023041956128,2.2966172170639036
all_100,person_in_list,later_middle_19_21,23,0.048811845304444434,10.452041096687317
all_100,person_in_list,later_middle_19_21,24,0.07714485296979547,21.076797204017637
all_100,person_in_list,later_middle_19_21,25,0.031608275650069115,18.918643288612365
all_100,person_in_list,later_middle_19_21,26,0.050343121960759164,18.403821349143982
all_100,person_in_list,later_middle_19_21,27,0.040381153114140034,18.22557476401329
all_100,person_in_list,later_middle_19_21,28,0.04770860937424004,25.946483211517332
all_100,person_in_list,later_middle_19_21,29,0.06771578554064035,47.47273611068726
all_100,person_in_list,later_middle_19_21,30,0.034097921280190346,36.775797328948975
all_100,person_in_list,later_middle_19_21,31,0.07490702122449874,73.9204599571228
all_100,person_in_list,later_middle_19_21,32,0.04616289161145687,96.94438871383667
all_100,person_in_list,later_middle_19_21,33,0.07428097113966942,105.55113269805908
all_100,person_in_list,later_middle_19_21,34,0.04103404081426561,86.3138819885254
all_100,person_in_list,later_middle_19_21,35,0.012873648318927735,7.078071341514588
all_100,person_in_list,sparse_union,0,0.008956682009156794,0.13502970781177281
all_100,person_in_list,sparse_union,1,0.0064328326587565245,0.09266527093946934
all_100,person_in_list,sparse_union,2,0.013049631342291833,0.182815069667995
all_100,person_in_list,sparse_union,3,0.01632755534723401,0.6445919851958751
all_100,person_in_list,sparse_union,4,0.005812804992310703,0.15412997737526893
all_100,person_in_list,sparse_union,5,0.0039482571836560966,0.14154999893158673
all_100,person_in_list,sparse_union,6,0.004190969642950222,0.11931847453117371
all_100,person_in_list,sparse_union,7,0.0009588323289062828,0.0746780906431377
all_100,person_in_list,sparse_union,8,0.0038330923684407026,0.45714200273156164
all_100,person_in_list,sparse_union,9,0.0040133751882240176,0.46310236550867556
all_100,person_in_list,sparse_union,10,0.0044603904988616706,0.8065141573548317
all_100,person_in_list,sparse_union,11,0.0017513281846186146,0.12930255554616452
all_100,person_in_list,sparse_union,12,0.001981007011490874,0.10324072018265724
all_100,person_in_list,sparse_union,13,0.0017906049924204127,0.11441127236932516
all_100,person_in_list,sparse_union,14,0.0043918107950594275,0.31291074596345425
all_100,person_in_list,sparse_union,15,0.0019731623824918642,0.12864381723105908
all_100,person_in_list,sparse_union,16,0.0038398032309487464,0.668766028881073
all_100,person_in_list,sparse_union,17,0.006917843029368669,0.5968616886436939
all_100,person_in_list,sparse_union,18,0.009636384325567633,1.1286830753087997
all_100,person_in_list,sparse_union,19,0.012860362846404315,1.393270063996315
all_100,person_in_list,sparse_union,20,0.015633551948703826,1.3583936175704003
all_100,person_in_list,sparse_union,21,0.05274715554900467,6.671672345399856
all_100,person_in_list,sparse_union,22,0.0182517924439162,2.4407978266477586
all_100,person_in_list,sparse_union,23,0.0737301798351109,17.081425046920778
all_100,person_in_list,sparse_union,24,0.10385653166100382,27.699642133712768
all_100,person_in_list,sparse_union,25,0.03663128942251206,24.1554527425766
all_100,person_in_list,sparse_union,26,0.05830920647829771,22.887734565734863
all_100,person_in_list,sparse_union,27,0.04643932127393782,21.12333815574646
all_100,person_in_list,sparse_union,28,0.06553871290758252,37.77123673439026
all_100,person_in_list,sparse_union,29,0.07330606829375029,53.9942212677002
all_100,person_in_list,sparse_union,30,0.03532585617154837,37.58504004478455
all_100,person_in_list,sparse_union,31,0.08189051277935505,82.69844409942627
all_100,person_in_list,sparse_union,32,0.04804192311130464,102.6738037109375
all_100,person_in_list,sparse_union,33,0.07803962998092175,112.99420822143554
all_100,person_in_list,sparse_union,34,0.04149762795306742,86.5393998336792
all_100,person_in_list,sparse_union,35,0.012220647037029266,6.681779661178589
all_100,person_in_list,late_negative_30_32,0,0.008956682009156794,0.13502970781177281
all_100,person_in_list,late_negative_30_32,1,0.0064328326587565245,0.09266527093946934
all_100,person_in_list,late_negative_30_32,2,0.013049631342291833,0.182815069667995
all_100,person_in_list,late_negative_30_32,3,0.01632755534723401,0.6445919851958751
all_100,person_in_list,late_negative_30_32,4,0.005812804992310703,0.15412997737526893
all_100,person_in_list,late_negative_30_32,5,0.0039482571836560966,0.14154999893158673
all_100,person_in_list,late_negative_30_32,6,0.0041679325001314285,0.11867188425734639
all_100,person_in_list,late_negative_30_32,7,0.0009652132997871376,0.07565090748481453
all_100,person_in_list,late_negative_30_32,8,0.0038847807690035553,0.46281964585185054
all_100,person_in_list,late_negative_30_32,9,0.004145120974862948,0.47930109657347203
all_100,person_in_list,late_negative_30_32,10,0.00457485051243566,0.8280421179533005
all_100,person_in_list,late_negative_30_32,11,0.0018179189856164157,0.1350649970769882
all_100,person_in_list,late_negative_30_32,12,0.002049302848172374,0.10702538527548314
all_100,person_in_list,late_negative_30_32,13,0.001822101641446352,0.11609692987054586
all_100,person_in_list,late_negative_30_32,14,0.004461869043298066,0.3206879175454378
all_100,person_in_list,late_negative_30_32,15,0.0019782375311478972,0.12884357068687677
all_100,person_in_list,late_negative_30_32,16,0.004015644828323275,0.69957982391119
all_100,person_in_list,late_negative_30_32,17,0.007891919903922826,0.6869406579434871
all_100,person_in_list,late_negative_30_32,18,0.009749491033144295,1.1053449422121049
all_100,person_in_list,late_negative_30_32,19,0.012867353642359376,1.423661381304264
all_100,person_in_list,late_negative_30_32,20,0.01704217832069844,1.5347582548856735
all_100,person_in_list,late_negative_30_32,21,0.04781531418673694,6.145310868024826
all_100,person_in_list,late_negative_30_32,22,0.016267127012833952,2.1398078483343124
all_100,person_in_list,late_negative_30_32,23,0.027449130304157732,5.345635145902634
all_100,person_in_list,late_negative_30_32,24,0.046774316057562826,10.802721507549286
all_100,person_in_list,late_negative_30_32,25,0.020542733781039716,8.377151508331298
all_100,person_in_list,late_negative_30_32,26,0.04041681100614369,14.733386068344116
all_100,person_in_list,late_negative_30_32,27,0.03277482376433909,15.55082777619362
all_100,person_in_list,late_negative_30_32,28,0.028163996702060105,13.58077916622162
all_100,person_in_list,late_negative_30_32,29,0.05258563134819269,36.05189161300659
all_100,person_in_list,late_negative_30_32,30,0.029182641748338938,32.380520515441894
all_100,person_in_list,late_negative_30_32,31,0.0606639557890594,60.42169860839844
all_100,person_in_list,late_negative_30_32,32,0.03918174022808671,84.13106519699096
all_100,person_in_list,late_negative_30_32,33,0.061944314278662205,89.61225364685059
all_100,person_in_list,late_negative_30_32,34,0.0354495925270021,78.14147596359253
all_100,person_in_list,late_negative_30_32,35,0.012854645899496973,7.0701980304718015
all_100,friend,clean,0,0.008541423699352891,0.11577957864850759
all_100,friend,clean,1,0.008925562342628836,0.11834915693849325
all_100,friend,clean,2,0.0158880533836782,0.2899098120629787
all_100,friend,clean,3,0.012323920163325966,0.5499611483514308
all_100,friend,clean,4,0.014198084753006697,0.4499746257066727
all_100,friend,clean,5,0.00405280476436019,0.16702913664281369
all_100,friend,clean,6,0.009933303636498749,0.3363404896855354
all_100,friend,clean,7,0.0015263924980536104,0.0846028783917427
all_100,friend,clean,8,0.0024809300655033437,0.20055405326187611
all_100,friend,clean,9,0.0032432045647874472,0.235839020088315
all_100,friend,clean,10,0.004317761668935418,0.4336851751804352
all_100,friend,clean,11,0.0019630341179436074,0.09380193643271922
all_100,friend,clean,12,0.002060150259640068,0.14192254673689603
all_100,friend,clean,13,0.0029216237069340425,0.13857294630259276
all_100,friend,clean,14,0.0040281609841622415,0.2173017578572035
all_100,friend,clean,15,0.0029353836766676977,0.1493515393510461
all_100,friend,clean,16,0.0028886369708925486,0.1593699423596263
all_100,friend,clean,17,0.006570665483595803,0.32535137467086317
all_100,friend,clean,18,0.01077735731843859,0.6447187526524067
all_100,friend,clean,19,0.009879716914147138,0.7897511392831802
all_100,friend,clean,20,0.025824865652248265,1.8202889752388
all_100,friend,clean,21,0.09161961840465666,11.478105924129487
all_100,friend,clean,22,0.021170317875221372,2.611001043319702
all_100,friend,clean,23,0.10340244241058827,24.078587856292724
all_100,friend,clean,24,0.0888756075873971,24.781178913116456
all_100,friend,clean,25,0.024499537274241447,15.124561653137206
all_100,friend,clean,26,0.04647743612527847,18.697969169616698
all_100,friend,clean,27,0.037088218983262776,13.08846822500229
all_100,friend,clean,28,0.0737091588973999,42.8839817237854
all_100,friend,clean,29,0.08316850166767836,59.20497825622559
all_100,friend,clean,30,0.034099862575531006,41.768089351654055
all_100,friend,clean,31,0.09167277175933122,95.96857707977296
all_100,friend,clean,32,0.04672543658874929,99.07887145042419
all_100,friend,clean,33,0.08473528433591128,119.72037967681885
all_100,friend,clean,34,0.04543128835037351,103.9794839477539
all_100,friend,clean,35,0.010859468190465122,6.428090529441834
all_100,friend,full_intermediate_bottleneck,0,0.008541423699352891,0.11577957864850759
all_100,friend,full_intermediate_bottleneck,1,0.009061214318498968,0.12090964786708355
all_100,friend,full_intermediate_bottleneck,2,0.016158124674111606,0.3078444253653288
all_100,friend,full_intermediate_bottleneck,3,0.01342480253893882,0.6201462979614735
all_100,friend,full_intermediate_bottleneck,4,0.01375917031429708,0.40869658201932907
all_100,friend,full_intermediate_bottleneck,5,0.004756466455291957,0.21890363968908788
all_100,friend,full_intermediate_bottleneck,6,0.010276120505295694,0.3494261041283607
all_100,friend,full_intermediate_bottleneck,7,0.0016853565780911594,0.10061124835163354
all_100,friend,full_intermediate_bottleneck,8,0.0027732022781856358,0.23162904381752014
all_100,friend,full_intermediate_bottleneck,9,0.0035852270806208254,0.2675812809914351
all_100,friend,full_intermediate_bottleneck,10,0.004537225298117846,0.45171359211206435
all_100,friend,full_intermediate_bottleneck,11,0.0022972446942003443,0.11236320320516825
all_100,friend,full_intermediate_bottleneck,12,0.0025749682408059017,0.1786135024577379
all_100,friend,full_intermediate_bottleneck,13,0.0035034369234927,0.16518354900181292
all_100,friend,full_intermediate_bottleneck,14,0.005133896304760128,0.28432048209011557
all_100,friend,full_intermediate_bottleneck,15,0.0034666599868796765,0.17366616409271957
all_100,friend,full_intermediate_bottleneck,16,0.0037275556544773283,0.2066850581765175
all_100,friend,full_intermediate_bottleneck,17,0.009192592856707052,0.4996479246765375
all_100,friend,full_intermediate_bottleneck,18,0.015683937133289874,0.9418352296948433
all_100,friend,full_intermediate_bottleneck,19,0.013554611790459603,1.0401387733221055
all_100,friend,full_intermediate_bottleneck,20,0.030341298263520004,1.9955282044410705
all_100,friend,full_intermediate_bottleneck,21,0.07585248776245862,8.789514807462693
all_100,friend,full_intermediate_bottleneck,22,0.02884868800174445,3.933628251552582
all_100,friend,full_intermediate_bottleneck,23,0.06728046800009907,12.667622654438018
all_100,friend,full_intermediate_bottleneck,24,0.09887017169967294,28.912554688453675
all_100,friend,full_intermediate_bottleneck,25,0.03119072161614895,11.158920123577118
all_100,friend,full_intermediate_bottleneck,26,0.0703499190043658,42.45119322299957
all_100,friend,full_intermediate_bottleneck,27,0.040170565135777,18.13631405353546
all_100,friend,full_intermediate_bottleneck,28,0.04579370193183422,18.211469688415526
all_100,friend,full_intermediate_bottleneck,29,0.06893915146589279,49.45036010742187
all_100,friend,full_intermediate_bottleneck,30,0.024153859112411736,25.997128217220308
all_100,friend,full_intermediate_bottleneck,31,0.05326340975239873,49.80731389999389
all_100,friend,full_intermediate_bottleneck,32,0.02602276531048119,39.03412144184112
all_100,friend,full_intermediate_bottleneck,33,0.04951195089146495,65.11405742645263
all_100,friend,full_intermediate_bottleneck,34,0.030104724736884237,58.83821445465088
all_100,friend,full_intermediate_bottleneck,35,0.016773826531134545,10.461751947402954
all_100,friend,early_5_7,0,0.008541423699352891,0.11577957864850759
all_100,friend,early_5_7,1,0.009061214318498968,0.12090964786708355
all_100,friend,early_5_7,2,0.016158124674111606,0.3078444253653288
all_100,friend,early_5_7,3,0.01342480253893882,0.6201462979614735
all_100,friend,early_5_7,4,0.01375917031429708,0.40869658201932907
all_100,friend,early_5_7,5,0.004756466455291957,0.21890363968908788
all_100,friend,early_5_7,6,0.010383927142247557,0.3548575353622436
all_100,friend,early_5_7,7,0.0016545581514947117,0.09818918496370316
all_100,friend,early_5_7,8,0.0026249741739593447,0.21737032286822797
all_100,friend,early_5_7,9,0.0034325465955771504,0.24944613002240656
all_100,friend,early_5_7,10,0.004450806719250977,0.44179946586489677
all_100,friend,early_5_7,11,0.002126577434828505,0.10231135122478008
all_100,friend,early_5_7,12,0.0021674896526383235,0.14200744710862637
all_100,friend,early_5_7,13,0.0032192645140457898,0.1532127197086811
all_100,friend,early_5_7,14,0.004476004568859934,0.24280634336173534
all_100,friend,early_5_7,15,0.0032389470393536612,0.16452290900051594
all_100,friend,early_5_7,16,0.0033809388137888163,0.18779213443398476
all_100,friend,early_5_7,17,0.007681662937393412,0.39279504619538785
all_100,friend,early_5_7,18,0.01341820166213438,0.7963600683212281
all_100,friend,early_5_7,19,0.011677606115117669,0.9079058587551116
all_100,friend,early_5_7,20,0.0291689963452518,1.9691091978549957
all_100,friend,early_5_7,21,0.07928548672236502,9.41368511080742
all_100,friend,early_5_7,22,0.02419179814402014,3.334047374725342
all_100,friend,early_5_7,23,0.09527460176497698,20.532875204086302
all_100,friend,early_5_7,24,0.08349822524935008,21.841201171875
all_100,friend,early_5_7,25,0.022649379572831096,9.490084280967713
all_100,friend,early_5_7,26,0.04991428431123495,24.15028902053833
all_100,friend,early_5_7,27,0.0375569671113044,13.635913486480712
all_100,friend,early_5_7,28,0.05966762073338032,30.770239696502685
all_100,friend,early_5_7,29,0.08623511802405119,54.29199264526367
all_100,friend,early_5_7,30,0.03552831217646599,43.67464849472046
all_100,friend,early_5_7,31,0.09014512743800879,88.49288017272949
all_100,friend,early_5_7,32,0.04446846030652523,83.95791776657104
all_100,friend,early_5_7,33,0.07810960043221712,105.03896453857422
all_100,friend,early_5_7,34,0.043034596722573044,92.67116470336914
all_100,friend,early_5_7,35,0.015723386369645594,10.942963225841522
all_100,friend,middle_12_14,0,0.008541423699352891,0.11577957864850759
all_100,friend,middle_12_14,1,0.009061214318498968,0.12090964786708355
all_100,friend,middle_12_14,2,0.016158124674111606,0.3078444253653288
all_100,friend,middle_12_14,3,0.01342480253893882,0.6201462979614735
all_100,friend,middle_12_14,4,0.01375917031429708,0.40869658201932907
all_100,friend,middle_12_14,5,0.004756466455291957,0.21890363968908788
all_100,friend,middle_12_14,6,0.010276120505295694,0.3494261041283607
all_100,friend,middle_12_14,7,0.0016853565780911594,0.10061124835163354
all_100,friend,middle_12_14,8,0.0027732022781856358,0.23162904381752014
all_100,friend,middle_12_14,9,0.0035852270806208254,0.2675812809914351
all_100,friend,middle_12_14,10,0.004537225298117846,0.45171359211206435
all_100,friend,middle_12_14,11,0.0022972446942003443,0.11236320320516825
all_100,friend,middle_12_14,12,0.0025749682408059017,0.1786135024577379
all_100,friend,middle_12_14,13,0.0035015477321576325,0.16508503224700688
all_100,friend,middle_12_14,14,0.0051259987009689215,0.2843610640615225
all_100,friend,middle_12_14,15,0.003424958005780354,0.1716107625886798
all_100,friend,middle_12_14,16,0.003566958390874788,0.1963763403147459
all_100,friend,middle_12_14,17,0.008910038340836764,0.4902666910737753
all_100,friend,middle_12_14,18,0.015378073262982071,0.9410685458779335
all_100,friend,middle_12_14,19,0.013590724470559508,1.0522776299715042
all_100,friend,middle_12_14,20,0.03258012069389224,2.123973599076271
all_100,friend,middle_12_14,21,0.08738701177760959,9.944559252262115
all_100,friend,middle_12_14,22,0.029667124152183533,3.996322121620178
all_100,friend,middle_12_14,23,0.08276266261935233,16.400746669769287
all_100,friend,middle_12_14,24,0.10494701512157917,30.231252479553223
all_100,friend,middle_12_14,25,0.03138429476879537,13.312801461219788
all_100,friend,middle_12_14,26,0.06431988131254912,35.03415370941162
all_100,friend,middle_12_14,27,0.041157088298350575,16.187672591209413
all_100,friend,middle_12_14,28,0.06009137423709035,28.280892496109008
all_100,friend,middle_12_14,29,0.0818140397965908,52.5176554107666
all_100,friend,middle_12_14,30,0.03223524816799909,36.88886157989502
all_100,friend,middle_12_14,31,0.07326034035533667,70.70826244354248
all_100,friend,middle_12_14,32,0.03542236822191626,60.713255348205564
all_100,friend,middle_12_14,33,0.06546755086630583,87.06000602722168
all_100,friend,middle_12_14,34,0.038655185773968696,76.87898908615112
all_100,friend,middle_12_14,35,0.017912318538874386,12.89291047334671
all_100,friend,later_middle_19_21,0,0.008541423699352891,0.11577957864850759
all_100,friend,later_middle_19_21,1,0.009061214318498968,0.12090964786708355
all_100,friend,later_middle_19_21,2,0.016158124674111606,0.3078444253653288
all_100,friend,later_middle_19_21,3,0.01342480253893882,0.6201462979614735
all_100,friend,later_middle_19_21,4,0.01375917031429708,0.40869658201932907
all_100,friend,later_middle_19_21,5,0.004756466455291957,0.21890363968908788
all_100,friend,later_middle_19_21,6,0.010276120505295694,0.3494261041283607
all_100,friend,later_middle_19_21,7,0.0016853565780911594,0.10061124835163354
all_100,friend,later_middle_19_21,8,0.0027732022781856358,0.23162904381752014
all_100,friend,later_middle_19_21,9,0.0035852270806208254,0.2675812809914351
all_100,friend,later_middle_19_21,10,0.004537225298117846,0.45171359211206435
all_100,friend,later_middle_19_21,11,0.0022972446942003443,0.11236320320516825
all_100,friend,later_middle_19_21,12,0.0025749682408059017,0.1786135024577379
all_100,friend,later_middle_19_21,13,0.0035034369234927,0.16518354900181292
all_100,friend,later_middle_19_21,14,0.005133896304760128,0.28432048209011557
all_100,friend,later_middle_19_21,15,0.0034666599868796765,0.17366616409271957
all_100,friend,later_middle_19_21,16,0.0037275556544773283,0.2066850581765175
all_100,friend,later_middle_19_21,17,0.009192592856707052,0.4996479246765375
all_100,friend,later_middle_19_21,18,0.015683937133289874,0.9418352296948433
all_100,friend,later_middle_19_21,19,0.013554611790459603,1.0401387733221055
all_100,friend,later_middle_19_21,20,0.02990096403285861,1.9684190917015076
all_100,friend,later_middle_19_21,21,0.07634999204427004,8.71695609331131
all_100,friend,later_middle_19_21,22,0.029061801005154847,3.9549296647310257
all_100,friend,later_middle_19_21,23,0.08018476769328117,15.371041326522827
all_100,friend,later_middle_19_21,24,0.10523589719086886,30.04006943702698
all_100,friend,later_middle_19_21,25,0.032408550311811266,12.10174883365631
all_100,friend,later_middle_19_21,26,0.07042504130862653,41.12620411396026
all_100,friend,later_middle_19_21,27,0.040264603532850746,17.265074129104615
all_100,friend,later_middle_19_21,28,0.052710809372365476,22.195901465415954
all_100,friend,later_middle_19_21,29,0.07369542840868235,50.56355670928955
all_100,friend,later_middle_19_21,30,0.026299768416211008,28.390938057899476
all_100,friend,later_middle_19_21,31,0.0606771183386445,56.80050035476685
all_100,friend,later_middle_19_21,32,0.029327997639775276,45.39033411026001
all_100,friend,later_middle_19_21,33,0.05589967427775264,72.8326721572876
all_100,friend,later_middle_19_21,34,0.03385497210547328,65.04153711318969
all_100,friend,later_middle_19_21,35,0.01699773964472115,11.153691244125366
all_100,friend,sparse_union,0,0.008541423699352891,0.11577957864850759
all_100,friend,sparse_union,1,0.009061214318498968,0.12090964786708355
all_100,friend,sparse_union,2,0.016158124674111606,0.3078444253653288
all_100,friend,sparse_union,3,0.01342480253893882,0.6201462979614735
all_100,friend,sparse_union,4,0.01375917031429708,0.40869658201932907
all_100,friend,sparse_union,5,0.004756466455291957,0.21890363968908788
all_100,friend,sparse_union,6,0.010383927142247557,0.3548575353622436
all_100,friend,sparse_union,7,0.0016545581514947117,0.09818918496370316
all_100,friend,sparse_union,8,0.0026249741739593447,0.21737032286822797
all_100,friend,sparse_union,9,0.0034325465955771504,0.24944613002240656
all_100,friend,sparse_union,10,0.004450806719250977,0.44179946586489677
all_100,friend,sparse_union,11,0.002126577434828505,0.10231135122478008
all_100,friend,sparse_union,12,0.0021674896526383235,0.14200744710862637
all_100,friend,sparse_union,13,0.0032157906203065067,0.15298595793545247
all_100,friend,sparse_union,14,0.004450267289066687,0.24075880520045756
all_100,friend,sparse_union,15,0.0031805690011242403,0.16120227508246898
all_100,friend,sparse_union,16,0.0032709820818854498,0.18071059480309487
all_100,friend,sparse_union,17,0.007414047761121765,0.3795963344722986
all_100,friend,sparse_union,18,0.012843025450129062,0.7712017920613289
all_100,friend,sparse_union,19,0.0115056338487193,0.897168610394001
all_100,friend,sparse_union,20,0.029943559020757675,2.0230011665821075
all_100,friend,sparse_union,21,0.09016922464594244,10.544120299816132
all_100,friend,sparse_union,22,0.02478834893554449,3.2907095795869825
all_100,friend,sparse_union,23,0.12669436760246755,27.017490634918214
all_100,friend,sparse_union,24,0.0938314624875784,22.696861248016358
all_100,friend,sparse_union,25,0.02425685791298747,11.492479906082153
all_100,friend,sparse_union,26,0.052443802654743195,22.235050134658813
all_100,friend,sparse_union,27,0.04244365147314966,14.863282175064088
all_100,friend,sparse_union,28,0.07717788863927126,40.58473585128784
all_100,friend,sparse_union,29,0.09305326741188764,59.68241500854492
all_100,friend,sparse_union,30,0.039374653967097405,48.12039275169373
all_100,friend,sparse_union,31,0.11897282719612122,112.39800102233886
all_100,friend,sparse_union,32,0.05446377951651812,101.683740234375
all_100,friend,sparse_union,33,0.09579326380044222,123.59914833068848
all_100,friend,sparse_union,34,0.054020372405648234,111.19706539154053
all_100,friend,sparse_union,35,0.014021396127063782,9.1850133395195
all_100,friend,late_negative_30_32,0,0.008541423699352891,0.11577957864850759
all_100,friend,late_negative_30_32,1,0.009061214318498968,0.12090964786708355
all_100,friend,late_negative_30_32,2,0.016158124674111606,0.3078444253653288
all_100,friend,late_negative_30_32,3,0.01342480253893882,0.6201462979614735
all_100,friend,late_negative_30_32,4,0.01375917031429708,0.40869658201932907
all_100,friend,late_negative_30_32,5,0.004756466455291957,0.21890363968908788
all_100,friend,late_negative_30_32,6,0.010276120505295694,0.3494261041283607
all_100,friend,late_negative_30_32,7,0.0016853565780911594,0.10061124835163354
all_100,friend,late_negative_30_32,8,0.0027732022781856358,0.23162904381752014
all_100,friend,late_negative_30_32,9,0.0035852270806208254,0.2675812809914351
all_100,friend,late_negative_30_32,10,0.004537225298117846,0.45171359211206435
all_100,friend,late_negative_30_32,11,0.0022972446942003443,0.11236320320516825
all_100,friend,late_negative_30_32,12,0.0025749682408059017,0.1786135024577379
all_100,friend,late_negative_30_32,13,0.0035034369234927,0.16518354900181292
all_100,friend,late_negative_30_32,14,0.005133896304760128,0.28432048209011557
all_100,friend,late_negative_30_32,15,0.0034666599868796765,0.17366616409271957
all_100,friend,late_negative_30_32,16,0.0037275556544773283,0.2066850581765175
all_100,friend,late_negative_30_32,17,0.009192592856707052,0.4996479246765375
all_100,friend,late_negative_30_32,18,0.015683937133289874,0.9418352296948433
all_100,friend,late_negative_30_32,19,0.013554611790459603,1.0401387733221055
all_100,friend,late_negative_30_32,20,0.030341298263520004,1.9955282044410705
all_100,friend,late_negative_30_32,21,0.07585248776245862,8.789514807462693
all_100,friend,late_negative_30_32,22,0.02884868800174445,3.933628251552582
all_100,friend,late_negative_30_32,23,0.06728046800009907,12.667622654438018
all_100,friend,late_negative_30_32,24,0.09887017169967294,28.912554688453675
all_100,friend,late_negative_30_32,25,0.03119072161614895,11.158920123577118
all_100,friend,late_negative_30_32,26,0.0703499190043658,42.45119322299957
all_100,friend,late_negative_30_32,27,0.040170565135777,18.13631405353546
all_100,friend,late_negative_30_32,28,0.04579370193183422,18.211469688415526
all_100,friend,late_negative_30_32,29,0.06893915146589279,49.45036010742187
all_100,friend,late_negative_30_32,30,0.024153859112411736,25.997128217220308
all_100,friend,late_negative_30_32,31,0.05307853978127241,49.63370164871216
all_100,friend,late_negative_30_32,32,0.026025428241118788,39.10494941234589
all_100,friend,late_negative_30_32,33,0.049345145281404254,64.88493087768555
all_100,friend,late_negative_30_32,34,0.029877482317388057,58.490222969055175
all_100,friend,late_negative_30_32,35,0.016506617616396397,10.171724576950073
all_100,visitor_register,clean,0,0.010270307119935752,0.130164644010365
all_100,visitor_register,clean,1,0.00498415547888726,0.07087829623371363
all_100,visitor_register,clean,2,0.008230369063094259,0.10826384376734495
all_100,visitor_register,clean,3,0.0130919931223616,0.6504516977071763
all_100,visitor_register,clean,4,0.004371815023478121,0.15302291188389064
all_100,visitor_register,clean,5,0.002373102643759921,0.10408068072050809
all_100,visitor_register,clean,6,0.003472952146548778,0.11680196601897479
all_100,visitor_register,clean,7,0.0009412086979136802,0.07106234634295105
all_100,visitor_register,clean,8,0.0016003110841847955,0.1342015616968274
all_100,visitor_register,clean,9,0.002902412381954491,0.35708304807543756
all_100,visitor_register,clean,10,0.003556802741950378,0.45283873066306113
all_100,visitor_register,clean,11,0.0013110218578367494,0.08551401134580373
all_100,visitor_register,clean,12,0.000982160092680715,0.0943584513477981
all_100,visitor_register,clean,13,0.0016059662424959243,0.09048825971782208
all_100,visitor_register,clean,14,0.0027327324647922068,0.16635324485599995
all_100,visitor_register,clean,15,0.0016319628281053155,0.10702707622200251
all_100,visitor_register,clean,16,0.0028824588272254913,0.21843708485364913
all_100,visitor_register,clean,17,0.008692010552622378,0.5305964525043965
all_100,visitor_register,clean,18,0.011191972193773835,0.959567759335041
all_100,visitor_register,clean,19,0.013244445347227156,1.1336900812387467
all_100,visitor_register,clean,20,0.04896623220294714,4.639159259796142
all_100,visitor_register,clean,21,0.16783781796693803,17.897333087921144
all_100,visitor_register,clean,22,0.044234895315021276,5.126771054267883
all_100,visitor_register,clean,23,0.12237931564450263,24.446090564727783
all_100,visitor_register,clean,24,0.13884538367390634,37.33919546127319
all_100,visitor_register,clean,25,0.042961881728842854,23.794339065551757
all_100,visitor_register,clean,26,0.07817351307719946,24.18403118133545
all_100,visitor_register,clean,27,0.06163150332868099,22.393157682418824
all_100,visitor_register,clean,28,0.08743849255144596,44.808035945892335
all_100,visitor_register,clean,29,0.10010854121297598,66.4475490951538
all_100,visitor_register,clean,30,0.05301438426598906,49.071290168762204
all_100,visitor_register,clean,31,0.09560321174561977,93.85668144226074
all_100,visitor_register,clean,32,0.05355249830521643,107.20460323333741
all_100,visitor_register,clean,33,0.09381848756223916,130.69878276824952
all_100,visitor_register,clean,34,0.06066582873463631,112.54222049713135
all_100,visitor_register,clean,35,0.019677888872101902,11.783597145080567
all_100,visitor_register,full_intermediate_bottleneck,0,0.010270307119935752,0.130164644010365
all_100,visitor_register,full_intermediate_bottleneck,1,0.005019011662807315,0.07165670569986105
all_100,visitor_register,full_intermediate_bottleneck,2,0.008271712332498283,0.10717788860201835
all_100,visitor_register,full_intermediate_bottleneck,3,0.013904809388332069,0.7034860555827618
all_100,visitor_register,full_intermediate_bottleneck,4,0.004857977621722967,0.1673512414842844
all_100,visitor_register,full_intermediate_bottleneck,5,0.0026153184601571413,0.11893072713166475
all_100,visitor_register,full_intermediate_bottleneck,6,0.0034782295674085618,0.11462180081754923
all_100,visitor_register,full_intermediate_bottleneck,7,0.0010756825131829828,0.08639212599024176
all_100,visitor_register,full_intermediate_bottleneck,8,0.0017407682363409548,0.14737392466515303
all_100,visitor_register,full_intermediate_bottleneck,9,0.003399729266529903,0.4322087948024273
all_100,visitor_register,full_intermediate_bottleneck,10,0.0037530475424136967,0.49447366282343863
all_100,visitor_register,full_intermediate_bottleneck,11,0.0015485547913704067,0.10723732864484191
all_100,visitor_register,full_intermediate_bottleneck,12,0.0010660641724825836,0.09923163805156947
all_100,visitor_register,full_intermediate_bottleneck,13,0.0018900494923582301,0.10634192761033773
all_100,visitor_register,full_intermediate_bottleneck,14,0.003484497354365885,0.21221540056169033
all_100,visitor_register,full_intermediate_bottleneck,15,0.0018759127537487075,0.11658135782927274
all_100,visitor_register,full_intermediate_bottleneck,16,0.00367873927927576,0.279524487555027
all_100,visitor_register,full_intermediate_bottleneck,17,0.010990766061004251,0.6714478740096093
all_100,visitor_register,full_intermediate_bottleneck,18,0.015547407055273653,1.2871510815620422
all_100,visitor_register,full_intermediate_bottleneck,19,0.017095305765978994,1.4064126414060594
all_100,visitor_register,full_intermediate_bottleneck,20,0.06501875318586826,5.03535582780838
all_100,visitor_register,full_intermediate_bottleneck,21,0.15172936379909516,16.658359937667846
all_100,visitor_register,full_intermediate_bottleneck,22,0.05291539553552866,6.433150033950806
all_100,visitor_register,full_intermediate_bottleneck,23,0.14304357074201107,25.604336853027345
all_100,visitor_register,full_intermediate_bottleneck,24,0.14946714870631694,34.106575107574464
all_100,visitor_register,full_intermediate_bottleneck,25,0.04471084656193852,21.985209226608276
all_100,visitor_register,full_intermediate_bottleneck,26,0.08275840021669864,28.213702754974364
all_100,visitor_register,full_intermediate_bottleneck,27,0.06797303039580584,26.18217200279236
all_100,visitor_register,full_intermediate_bottleneck,28,0.09141699127852916,45.23513515472412
all_100,visitor_register,full_intermediate_bottleneck,29,0.1066501997411251,66.7811322402954
all_100,visitor_register,full_intermediate_bottleneck,30,0.0585340703651309,51.44019445419312
all_100,visitor_register,full_intermediate_bottleneck,31,0.09465938325971365,90.70456268310546
all_100,visitor_register,full_intermediate_bottleneck,32,0.05418965359218419,104.25566209793091
all_100,visitor_register,full_intermediate_bottleneck,33,0.09376708023250103,125.83905860900879
all_100,visitor_register,full_intermediate_bottleneck,34,0.06903138084337115,110.11502277374268
all_100,visitor_register,full_intermediate_bottleneck,35,0.027746760919690132,18.569730043411255
all_100,visitor_register,early_5_7,0,0.010270307119935752,0.130164644010365
all_100,visitor_register,early_5_7,1,0.005019011662807315,0.07165670569986105
all_100,visitor_register,early_5_7,2,0.008271712332498283,0.10717788860201835
all_100,visitor_register,early_5_7,3,0.013904809388332069,0.7034860555827618
all_100,visitor_register,early_5_7,4,0.004857977621722967,0.1673512414842844
all_100,visitor_register,early_5_7,5,0.0026153184601571413,0.11893072713166475
all_100,visitor_register,early_5_7,6,0.0035153857909608634,0.11561471436172724
all_100,visitor_register,early_5_7,7,0.001051365963940043,0.08358680179342627
all_100,visitor_register,early_5_7,8,0.0016985438007395715,0.1439703967422247
all_100,visitor_register,early_5_7,9,0.0031587606063112617,0.3937823420017958
all_100,visitor_register,early_5_7,10,0.0036817704734858126,0.47085770681500433
all_100,visitor_register,early_5_7,11,0.0014585892454488203,0.09800523480400443
all_100,visitor_register,early_5_7,12,0.0010203211670159363,0.09420745262876153
all_100,visitor_register,early_5_7,13,0.001749410839402117,0.09861637786030769
all_100,visitor_register,early_5_7,14,0.0032430444075725972,0.19854442805051803
all_100,visitor_register,early_5_7,15,0.0017766949778888375,0.11254841785877943
all_100,visitor_register,early_5_7,16,0.0034557384322397413,0.26417157769203187
all_100,visitor_register,early_5_7,17,0.010523606075439602,0.6529341711103916
all_100,visitor_register,early_5_7,18,0.014118501581251622,1.172404139637947
all_100,visitor_register,early_5_7,19,0.01572034664452076,1.321037238240242
all_100,visitor_register,early_5_7,20,0.061120812986046075,4.837007026672364
all_100,visitor_register,early_5_7,21,0.15529924981296062,17.083079633712767
all_100,visitor_register,early_5_7,22,0.053829935416579246,6.469349060058594
all_100,visitor_register,early_5_7,23,0.14594507217407227,26.19255859375
all_100,visitor_register,early_5_7,24,0.15183036230504512,34.58019674301148
all_100,visitor_register,early_5_7,25,0.04485878007486463,21.60062077522278
all_100,visitor_register,early_5_7,26,0.08067021444439888,27.08577402114868
all_100,visitor_register,early_5_7,27,0.06701346646994352,25.249069356918334
all_100,visitor_register,early_5_7,28,0.09210877418518067,45.65556991577149
all_100,visitor_register,early_5_7,29,0.10735833950340748,67.17625297546387
all_100,visitor_register,early_5_7,30,0.05963238600641489,52.083569507598874
all_100,visitor_register,early_5_7,31,0.09777493931353093,93.25862609863282
all_100,visitor_register,early_5_7,32,0.05613342950120568,108.11377420425416
all_100,visitor_register,early_5_7,33,0.09735658716410399,129.8468179321289
all_100,visitor_register,early_5_7,34,0.0712729025259614,113.80112380981446
all_100,visitor_register,early_5_7,35,0.027882692543789743,18.760642442703247
all_100,visitor_register,middle_12_14,0,0.010270307119935752,0.130164644010365
all_100,visitor_register,middle_12_14,1,0.005019011662807315,0.07165670569986105
all_100,visitor_register,middle_12_14,2,0.008271712332498283,0.10717788860201835
all_100,visitor_register,middle_12_14,3,0.013904809388332069,0.7034860555827618
all_100,visitor_register,middle_12_14,4,0.004857977621722967,0.1673512414842844
all_100,visitor_register,middle_12_14,5,0.0026153184601571413,0.11893072713166475
all_100,visitor_register,middle_12_14,6,0.0034782295674085618,0.11462180081754923
all_100,visitor_register,middle_12_14,7,0.0010756825131829828,0.08639212599024176
all_100,visitor_register,middle_12_14,8,0.0017407682363409548,0.14737392466515303
all_100,visitor_register,middle_12_14,9,0.003399729266529903,0.4322087948024273
all_100,visitor_register,middle_12_14,10,0.0037530475424136967,0.49447366282343863
all_100,visitor_register,middle_12_14,11,0.0015485547913704067,0.10723732864484191
all_100,visitor_register,middle_12_14,12,0.0010660641724825836,0.09923163805156947
all_100,visitor_register,middle_12_14,13,0.0018925044866045938,0.10642082072794437
all_100,visitor_register,middle_12_14,14,0.003498866648878902,0.21359386116266252
all_100,visitor_register,middle_12_14,15,0.001868661375483498,0.11634586904197931
all_100,visitor_register,middle_12_14,16,0.0036134865309577434,0.27662352964282033
all_100,visitor_register,middle_12_14,17,0.010373117714188994,0.6264394216239453
all_100,visitor_register,middle_12_14,18,0.014100365051999688,1.173976145386696
all_100,visitor_register,middle_12_14,19,0.016170942792668938,1.35751093685627
all_100,visitor_register,middle_12_14,20,0.061037877816706894,4.927901618480682
all_100,visitor_register,middle_12_14,21,0.15680221758782864,17.203910293579103
all_100,visitor_register,middle_12_14,22,0.05316769354045391,6.434505805969239
all_100,visitor_register,middle_12_14,23,0.13987412959337234,25.542073192596437
all_100,visitor_register,middle_12_14,24,0.14761023044586183,34.50203350067139
all_100,visitor_register,middle_12_14,25,0.04395642557181418,22.27062991142273
all_100,visitor_register,middle_12_14,26,0.08104612898081541,26.96943869590759
all_100,visitor_register,middle_12_14,27,0.06704828714951873,25.592011346817017
all_100,visitor_register,middle_12_14,28,0.09088725909590721,45.554364624023435
all_100,visitor_register,middle_12_14,29,0.10713196478784084,67.78888389587402
all_100,visitor_register,middle_12_14,30,0.05793287165462971,51.67309001922607
all_100,visitor_register,middle_12_14,31,0.0953041135892272,91.82850746154786
all_100,visitor_register,middle_12_14,32,0.055025611147284506,107.11519962310791
all_100,visitor_register,middle_12_14,33,0.09503142926841975,128.34154945373535
all_100,visitor_register,middle_12_14,34,0.06851732909679413,111.96340854644775
all_100,visitor_register,middle_12_14,35,0.02652712511830032,17.477232604026796
all_100,visitor_register,later_middle_19_21,0,0.010270307119935752,0.130164644010365
all_100,visitor_register,later_middle_19_21,1,0.005019011662807315,0.07165670569986105
all_100,visitor_register,later_middle_19_21,2,0.008271712332498283,0.10717788860201835
all_100,visitor_register,later_middle_19_21,3,0.013904809388332069,0.7034860555827618
all_100,visitor_register,later_middle_19_21,4,0.004857977621722967,0.1673512414842844
all_100,visitor_register,later_middle_19_21,5,0.0026153184601571413,0.11893072713166475
all_100,visitor_register,later_middle_19_21,6,0.0034782295674085618,0.11462180081754923
all_100,visitor_register,later_middle_19_21,7,0.0010756825131829828,0.08639212599024176
all_100,visitor_register,later_middle_19_21,8,0.0017407682363409548,0.14737392466515303
all_100,visitor_register,later_middle_19_21,9,0.003399729266529903,0.4322087948024273
all_100,visitor_register,later_middle_19_21,10,0.0037530475424136967,0.49447366282343863
all_100,visitor_register,later_middle_19_21,11,0.0015485547913704067,0.10723732864484191
all_100,visitor_register,later_middle_19_21,12,0.0010660641724825836,0.09923163805156947
all_100,visitor_register,later_middle_19_21,13,0.0018900494923582301,0.10634192761033773
all_100,visitor_register,later_middle_19_21,14,0.003484497354365885,0.21221540056169033
all_100,visitor_register,later_middle_19_21,15,0.0018759127537487075,0.11658135782927274
all_100,visitor_register,later_middle_19_21,16,0.00367873927927576,0.279524487555027
all_100,visitor_register,later_middle_19_21,17,0.010990766061004251,0.6714478740096093
all_100,visitor_register,later_middle_19_21,18,0.015547407055273653,1.2871510815620422
all_100,visitor_register,later_middle_19_21,19,0.017095305765978994,1.4064126414060594
all_100,visitor_register,later_middle_19_21,20,0.06267931014299392,4.83570704460144
all_100,visitor_register,later_middle_19_21,21,0.15182557478547096,16.587951469421387
all_100,visitor_register,later_middle_19_21,22,0.05224994048476219,6.284208636283875
all_100,visitor_register,later_middle_19_21,23,0.15267576493322849,27.757339267730714
all_100,visitor_register,later_middle_19_21,24,0.14769696101546287,33.54534351348877
all_100,visitor_register,later_middle_19_21,25,0.042605207711458204,20.753750848770142
all_100,visitor_register,later_middle_19_21,26,0.08274765592068434,25.900072145462037
all_100,visitor_register,later_middle_19_21,27,0.068207192607224,25.293186588287355
all_100,visitor_register,later_middle_19_21,28,0.09358904667198659,46.49326168060303
all_100,visitor_register,later_middle_19_21,29,0.10949240744113922,68.41188117980957
all_100,visitor_register,later_middle_19_21,30,0.05963570829480887,53.0329465675354
all_100,visitor_register,later_middle_19_21,31,0.09967819802463054,95.60766189575196
all_100,visitor_register,later_middle_19_21,32,0.056403737291693685,109.84840955734253
all_100,visitor_register,later_middle_19_21,33,0.09839116975665092,132.31092712402344
all_100,visitor_register,later_middle_19_21,34,0.07112035881727934,115.87118259429931
all_100,visitor_register,later_middle_19_21,35,0.026616053888574243,17.720249271392824
all_100,visitor_register,sparse_union,0,0.010270307119935752,0.130164644010365
all_100,visitor_register,sparse_union,1,0.005019011662807315,0.07165670569986105
all_100,visitor_register,sparse_union,2,0.008271712332498283,0.10717788860201835
all_100,visitor_register,sparse_union,3,0.013904809388332069,0.7034860555827618
all_100,visitor_register,sparse_union,4,0.004857977621722967,0.1673512414842844
all_100,visitor_register,sparse_union,5,0.0026153184601571413,0.11893072713166475
all_100,visitor_register,sparse_union,6,0.0035153857909608634,0.11561471436172724
all_100,visitor_register,sparse_union,7,0.001051365963940043,0.08358680179342627
all_100,visitor_register,sparse_union,8,0.0016985438007395715,0.1439703967422247
all_100,visitor_register,sparse_union,9,0.0031587606063112617,0.3937823420017958
all_100,visitor_register,sparse_union,10,0.0036817704734858126,0.47085770681500433
all_100,visitor_register,sparse_union,11,0.0014585892454488203,0.09800523480400443
all_100,visitor_register,sparse_union,12,0.0010203211670159363,0.09420745262876153
all_100,visitor_register,sparse_union,13,0.001751727965893224,0.09870022814720869
all_100,visitor_register,sparse_union,14,0.0032425697229336945,0.198629102781415
all_100,visitor_register,sparse_union,15,0.001769499511574395,0.11223757807165384
all_100,visitor_register,sparse_union,16,0.0033716659306082873,0.25890416488051415
all_100,visitor_register,sparse_union,17,0.009890841024462133,0.6091508008539677
all_100,visitor_register,sparse_union,18,0.012752452758140862,1.0751118731498719
all_100,visitor_register,sparse_union,19,0.014781058765947819,1.2654430282115936
all_100,visitor_register,sparse_union,20,0.05475708570331335,4.495303575992584
all_100,visitor_register,sparse_union,21,0.1577121003717184,17.26000898361206
all_100,visitor_register,sparse_union,22,0.05233206674456596,6.192951502799988
all_100,visitor_register,sparse_union,23,0.14992608204483987,27.829708099365234
all_100,visitor_register,sparse_union,24,0.1477743926644325,34.29442352294922
all_100,visitor_register,sparse_union,25,0.042272035088390114,20.582878723144532
all_100,visitor_register,sparse_union,26,0.08104241747409105,24.586456537246704
all_100,visitor_register,sparse_union,27,0.0670969183743,24.337444944381716
all_100,visitor_register,sparse_union,28,0.0945114778727293,47.17560440063477
all_100,visitor_register,sparse_union,29,0.11120356682687998,69.94881488800048
all_100,visitor_register,sparse_union,30,0.05974573995918035,53.42748352050781
all_100,visitor_register,sparse_union,31,0.10237512439489364,98.04310901641846
all_100,visitor_register,sparse_union,32,0.05831404220312834,113.69970170974732
all_100,visitor_register,sparse_union,33,0.10198494412004948,136.42770317077637
all_100,visitor_register,sparse_union,34,0.07223028164356947,119.30561767578125
all_100,visitor_register,sparse_union,35,0.02581592253409326,17.020819902420044
all_100,visitor_register,late_negative_30_32,0,0.010270307119935752,0.130164644010365
all_100,visitor_register,late_negative_30_32,1,0.005019011662807315,0.07165670569986105
all_100,visitor_register,late_negative_30_32,2,0.008271712332498283,0.10717788860201835
all_100,visitor_register,late_negative_30_32,3,0.013904809388332069,0.7034860555827618
all_100,visitor_register,late_negative_30_32,4,0.004857977621722967,0.1673512414842844
all_100,visitor_register,late_negative_30_32,5,0.0026153184601571413,0.11893072713166475
all_100,visitor_register,late_negative_30_32,6,0.0034782295674085618,0.11462180081754923
all_100,visitor_register,late_negative_30_32,7,0.0010756825131829828,0.08639212599024176
all_100,visitor_register,late_negative_30_32,8,0.0017407682363409548,0.14737392466515303
all_100,visitor_register,late_negative_30_32,9,0.003399729266529903,0.4322087948024273
all_100,visitor_register,late_negative_30_32,10,0.0037530475424136967,0.49447366282343863
all_100,visitor_register,late_negative_30_32,11,0.0015485547913704067,0.10723732864484191
all_100,visitor_register,late_negative_30_32,12,0.0010660641724825836,0.09923163805156947
all_100,visitor_register,late_negative_30_32,13,0.0018900494923582301,0.10634192761033773
all_100,visitor_register,late_negative_30_32,14,0.003484497354365885,0.21221540056169033
all_100,visitor_register,late_negative_30_32,15,0.0018759127537487075,0.11658135782927274
all_100,visitor_register,late_negative_30_32,16,0.00367873927927576,0.279524487555027
all_100,visitor_register,late_negative_30_32,17,0.010990766061004251,0.6714478740096093
all_100,visitor_register,late_negative_30_32,18,0.015547407055273653,1.2871510815620422
all_100,visitor_register,late_negative_30_32,19,0.017095305765978994,1.4064126414060594
all_100,visitor_register,late_negative_30_32,20,0.06501875318586826,5.03535582780838
all_100,visitor_register,late_negative_30_32,21,0.15172936379909516,16.658359937667846
all_100,visitor_register,late_negative_30_32,22,0.05291539553552866,6.433150033950806
all_100,visitor_register,late_negative_30_32,23,0.14304357074201107,25.604336853027345
all_100,visitor_register,late_negative_30_32,24,0.14946714870631694,34.106575107574464
all_100,visitor_register,late_negative_30_32,25,0.04471084656193852,21.985209226608276
all_100,visitor_register,late_negative_30_32,26,0.08275840021669864,28.213702754974364
all_100,visitor_register,late_negative_30_32,27,0.06797303039580584,26.18217200279236
all_100,visitor_register,late_negative_30_32,28,0.09141699127852916,45.23513515472412
all_100,visitor_register,late_negative_30_32,29,0.1066501997411251,66.7811322402954
all_100,visitor_register,late_negative_30_32,30,0.0585340703651309,51.44019445419312
all_100,visitor_register,late_negative_30_32,31,0.09446579609066248,90.64909511566162
all_100,visitor_register,late_negative_30_32,32,0.05423849330283701,104.41129604339599
all_100,visitor_register,late_negative_30_32,33,0.0938200356811285,125.99948219299317
all_100,visitor_register,late_negative_30_32,34,0.06880751833319664,110.30628761291504
all_100,visitor_register,late_negative_30_32,35,0.027500121518969536,18.346525454521178
all_100,dialogue,clean,0,0.010849305097945034,0.12727796129882335
all_100,dialogue,clean,1,0.007047421403694898,0.08458886668086052
all_100,dialogue,clean,2,0.010740304761566222,0.16970153994858264
all_100,dialogue,clean,3,0.014780098707415163,0.6081658826768398
all_100,dialogue,clean,4,0.005487059503793717,0.1338556546345353
all_100,dialogue,clean,5,0.0026407697657123206,0.09607063092291356
all_100,dialogue,clean,6,0.0032113954029046,0.07210848055779934
all_100,dialogue,clean,7,0.0008014357386855409,0.03245427979156375
all_100,dialogue,clean,8,0.001204795119119808,0.08088605236262084
all_100,dialogue,clean,9,0.0031236152444034816,0.4004840908199549
all_100,dialogue,clean,10,0.005270721656270325,0.8241815823316574
all_100,dialogue,clean,11,0.002151868321816437,0.17201544500887395
all_100,dialogue,clean,12,0.0007589928750530816,0.051900863386690615
all_100,dialogue,clean,13,0.0017548572237137705,0.13392588637769223
all_100,dialogue,clean,14,0.0037149480148218573,0.4095879827439785
all_100,dialogue,clean,15,0.0029854166926816107,0.20493411421775817
all_100,dialogue,clean,16,0.005858980764169246,0.5192641954123974
all_100,dialogue,clean,17,0.003134886181796901,0.19104913959279657
all_100,dialogue,clean,18,0.0023685869725886734,0.14003380903974175
all_100,dialogue,clean,19,0.0026787362346658485,0.21773042492568492
all_100,dialogue,clean,20,0.005642618993297219,0.44625382252037527
all_100,dialogue,clean,21,0.010641984732937999,1.2185454670339824
all_100,dialogue,clean,22,0.01136818659491837,1.6187429597973824
all_100,dialogue,clean,23,0.04404053773730993,11.017313580513001
all_100,dialogue,clean,24,0.0939553914964199,34.20122849464416
all_100,dialogue,clean,25,0.02768529614433646,24.787272367477417
all_100,dialogue,clean,26,0.02778000842779875,8.109121999740601
all_100,dialogue,clean,27,0.036535327043384316,12.45903350830078
all_100,dialogue,clean,28,0.051160089764744045,22.95351435661316
all_100,dialogue,clean,29,0.07150497552007437,46.408549041748046
all_100,dialogue,clean,30,0.04529933635145426,49.64699863433838
all_100,dialogue,clean,31,0.09259923256933689,84.51514530181885
all_100,dialogue,clean,32,0.05631237715482712,112.8411967086792
all_100,dialogue,clean,33,0.08815716620534658,117.84329074859619
all_100,dialogue,clean,34,0.04991338865831494,105.35372102737426
all_100,dialogue,clean,35,0.013566132383421064,6.727559974193573
all_100,dialogue,full_intermediate_bottleneck,0,0.010849305097945034,0.12727796129882335
all_100,dialogue,full_intermediate_bottleneck,1,0.007153511622454971,0.08595784671604634
all_100,dialogue,full_intermediate_bottleneck,2,0.010890324865467847,0.17432751424610615
all_100,dialogue,full_intermediate_bottleneck,3,0.015018636276945472,0.6236177475750446
all_100,dialogue,full_intermediate_bottleneck,4,0.005650283333379775,0.13670770153403283
all_100,dialogue,full_intermediate_bottleneck,5,0.002810246618464589,0.10388558890670538
all_100,dialogue,full_intermediate_bottleneck,6,0.003226325744763017,0.07374727658927441
all_100,dialogue,full_intermediate_bottleneck,7,0.0008385681849904359,0.03368955643847585
all_100,dialogue,full_intermediate_bottleneck,8,0.0013399927486898377,0.09074011143296958
all_100,dialogue,full_intermediate_bottleneck,9,0.0035037796187680215,0.4543112751841545
all_100,dialogue,full_intermediate_bottleneck,10,0.00546240613097325,0.8333535540103912
all_100,dialogue,full_intermediate_bottleneck,11,0.0023763233103090897,0.18389283664524556
all_100,dialogue,full_intermediate_bottleneck,12,0.0008312578775803559,0.05889452995732427
all_100,dialogue,full_intermediate_bottleneck,13,0.002142786825133953,0.1574069045484066
all_100,dialogue,full_intermediate_bottleneck,14,0.004075909005478024,0.43189536541700363
all_100,dialogue,full_intermediate_bottleneck,15,0.0032994990004226567,0.222553141489625
all_100,dialogue,full_intermediate_bottleneck,16,0.006314885481260717,0.5487200418114662
all_100,dialogue,full_intermediate_bottleneck,17,0.0042813143943203616,0.2542653066292405
all_100,dialogue,full_intermediate_bottleneck,18,0.0033890091895591467,0.20759736359119416
all_100,dialogue,full_intermediate_bottleneck,19,0.0036775826709344985,0.28354314431548117
all_100,dialogue,full_intermediate_bottleneck,20,0.007107518223347142,0.554963049441576
all_100,dialogue,full_intermediate_bottleneck,21,0.013550982933375054,1.272299643009901
all_100,dialogue,full_intermediate_bottleneck,22,0.01918522019404918,2.7699939796328543
all_100,dialogue,full_intermediate_bottleneck,23,0.030324176168069244,6.4629540801048275
all_100,dialogue,full_intermediate_bottleneck,24,0.07655551835894585,20.98840497970581
all_100,dialogue,full_intermediate_bottleneck,25,0.024490118715912102,14.292219662666321
all_100,dialogue,full_intermediate_bottleneck,26,0.03177684708032757,14.029724915027618
all_100,dialogue,full_intermediate_bottleneck,27,0.04741791799664497,18.764668774604797
all_100,dialogue,full_intermediate_bottleneck,28,0.0375145784765482,11.681434350013733
all_100,dialogue,full_intermediate_bottleneck,29,0.05458485679700971,34.701846828460695
all_100,dialogue,full_intermediate_bottleneck,30,0.03569577286019921,37.819816493988036
all_100,dialogue,full_intermediate_bottleneck,31,0.05651767667382956,49.701488170623776
all_100,dialogue,full_intermediate_bottleneck,32,0.02977850755676627,56.984102759361264
all_100,dialogue,full_intermediate_bottleneck,33,0.05317609535530209,75.64082857131957
all_100,dialogue,full_intermediate_bottleneck,34,0.031305926693603395,69.05543422698975
all_100,dialogue,full_intermediate_bottleneck,35,0.01938402864150703,10.232286148071289
all_100,dialogue,early_5_7,0,0.010849305097945034,0.12727796129882335
all_100,dialogue,early_5_7,1,0.007153511622454971,0.08595784671604634
all_100,dialogue,early_5_7,2,0.010890324865467847,0.17432751424610615
all_100,dialogue,early_5_7,3,0.015018636276945472,0.6236177475750446
all_100,dialogue,early_5_7,4,0.005650283333379775,0.13670770153403283
all_100,dialogue,early_5_7,5,0.002810246618464589,0.10388558890670538
all_100,dialogue,early_5_7,6,0.003216998621355742,0.07366851933300494
all_100,dialogue,early_5_7,7,0.0008352188533172012,0.03354317812249064
all_100,dialogue,early_5_7,8,0.0013164286414394156,0.0891273670271039
all_100,dialogue,early_5_7,9,0.003368789912201464,0.4330297701060772
all_100,dialogue,early_5_7,10,0.005371856994461268,0.8247055679559707
all_100,dialogue,early_5_7,11,0.0023017856891965494,0.1793770472705364
all_100,dialogue,early_5_7,12,0.000798300601891242,0.05577936369925737
all_100,dialogue,early_5_7,13,0.002021176913403906,0.15055443156510592
all_100,dialogue,early_5_7,14,0.004004698448115959,0.4316334797441959
all_100,dialogue,early_5_7,15,0.0032270972640253606,0.21998717255890368
all_100,dialogue,early_5_7,16,0.006255985193420201,0.547776430696249
all_100,dialogue,early_5_7,17,0.0040749426861293615,0.24310879403725266
all_100,dialogue,early_5_7,18,0.0032518702335073615,0.200683006439358
all_100,dialogue,early_5_7,19,0.003502945725340396,0.2729038754850626
all_100,dialogue,early_5_7,20,0.006958073452115059,0.5510817301273346
all_100,dialogue,early_5_7,21,0.013495034805964678,1.304500026628375
all_100,dialogue,early_5_7,22,0.018235225172247738,2.638631504774094
all_100,dialogue,early_5_7,23,0.03236524791456759,6.874575990438461
all_100,dialogue,early_5_7,24,0.08108880678191781,22.737057900428773
all_100,dialogue,early_5_7,25,0.025318120885640383,15.944832236766816
all_100,dialogue,early_5_7,26,0.030119021302089096,12.374267444610595
all_100,dialogue,early_5_7,27,0.045020001009106636,16.753313794136048
all_100,dialogue,early_5_7,28,0.03899445909075439,12.788907783031464
all_100,dialogue,early_5_7,29,0.0576549581810832,35.99567823410034
all_100,dialogue,early_5_7,30,0.03770441962406039,40.65611068725586
all_100,dialogue,early_5_7,31,0.06120955273509025,54.73842433929443
all_100,dialogue,early_5_7,32,0.03328915146179497,64.34241654396057
all_100,dialogue,early_5_7,33,0.05797801831737161,81.67429256439209
all_100,dialogue,early_5_7,34,0.03357856310904026,73.56876829147339
all_100,dialogue,early_5_7,35,0.01906370426993817,10.254249691963196
all_100,dialogue,middle_12_14,0,0.010849305097945034,0.12727796129882335
all_100,dialogue,middle_12_14,1,0.007153511622454971,0.08595784671604634
all_100,dialogue,middle_12_14,2,0.010890324865467847,0.17432751424610615
all_100,dialogue,middle_12_14,3,0.015018636276945472,0.6236177475750446
all_100,dialogue,middle_12_14,4,0.005650283333379775,0.13670770153403283
all_100,dialogue,middle_12_14,5,0.002810246618464589,0.10388558890670538
all_100,dialogue,middle_12_14,6,0.003226325744763017,0.07374727658927441
all_100,dialogue,middle_12_14,7,0.0008385681849904359,0.03368955643847585
all_100,dialogue,middle_12_14,8,0.0013399927486898377,0.09074011143296958
all_100,dialogue,middle_12_14,9,0.0035037796187680215,0.4543112751841545
all_100,dialogue,middle_12_14,10,0.00546240613097325,0.8333535540103912
all_100,dialogue,middle_12_14,11,0.0023763233103090897,0.18389283664524556
all_100,dialogue,middle_12_14,12,0.0008312578775803559,0.05889452995732427
all_100,dialogue,middle_12_14,13,0.002133500766940415,0.15723512809723617
all_100,dialogue,middle_12_14,14,0.004075533174909651,0.43326643213629723
all_100,dialogue,middle_12_14,15,0.0032392132095992567,0.21560090608894825
all_100,dialogue,middle_12_14,16,0.006179290525615215,0.5411083956062793
all_100,dialogue,middle_12_14,17,0.003689759781700559,0.22079193525016308
all_100,dialogue,middle_12_14,18,0.0029706728510791435,0.17491438904777168
all_100,dialogue,middle_12_14,19,0.0033271214162232353,0.26071720458567144
all_100,dialogue,middle_12_14,20,0.0066698490543058144,0.521773631721735
all_100,dialogue,middle_12_14,21,0.012198032005690038,1.1688056450337172
all_100,dialogue,middle_12_14,22,0.01860245477873832,2.660658042728901
all_100,dialogue,middle_12_14,23,0.031294294791296126,6.5509785044193265
all_100,dialogue,middle_12_14,24,0.08274672390893102,23.28350803375244
all_100,dialogue,middle_12_14,25,0.025837343516759575,16.11099277496338
all_100,dialogue,middle_12_14,26,0.03051008832640946,12.846805875301362
all_100,dialogue,middle_12_14,27,0.044360559247434136,16.539995903968812
all_100,dialogue,middle_12_14,28,0.038388926386833194,12.25256406068802
all_100,dialogue,middle_12_14,29,0.05554150650277734,34.54355006217956
all_100,dialogue,middle_12_14,30,0.03700387666001916,39.55732559204102
all_100,dialogue,middle_12_14,31,0.059810577258467675,52.70631784439087
all_100,dialogue,middle_12_14,32,0.03257176104001701,62.54774654388428
all_100,dialogue,middle_12_14,33,0.056659648343920704,79.72121732711793
all_100,dialogue,middle_12_14,34,0.03308507683686912,72.28364057540894
all_100,dialogue,middle_12_14,35,0.019105002279393376,10.138262310028075
all_100,dialogue,later_middle_19_21,0,0.010849305097945034,0.12727796129882335
all_100,dialogue,later_middle_19_21,1,0.007153511622454971,0.08595784671604634
all_100,dialogue,later_middle_19_21,2,0.010890324865467847,0.17432751424610615
all_100,dialogue,later_middle_19_21,3,0.015018636276945472,0.6236177475750446
all_100,dialogue,later_middle_19_21,4,0.005650283333379775,0.13670770153403283
all_100,dialogue,later_middle_19_21,5,0.002810246618464589,0.10388558890670538
all_100,dialogue,later_middle_19_21,6,0.003226325744763017,0.07374727658927441
all_100,dialogue,later_middle_19_21,7,0.0008385681849904359,0.03368955643847585
all_100,dialogue,later_middle_19_21,8,0.0013399927486898377,0.09074011143296958
all_100,dialogue,later_middle_19_21,9,0.0035037796187680215,0.4543112751841545
all_100,dialogue,later_middle_19_21,10,0.00546240613097325,0.8333535540103912
all_100,dialogue,later_middle_19_21,11,0.0023763233103090897,0.18389283664524556
all_100,dialogue,later_middle_19_21,12,0.0008312578775803559,0.05889452995732427
all_100,dialogue,later_middle_19_21,13,0.002142786825133953,0.1574069045484066
all_100,dialogue,later_middle_19_21,14,0.004075909005478024,0.43189536541700363
all_100,dialogue,later_middle_19_21,15,0.0032994990004226567,0.222553141489625
all_100,dialogue,later_middle_19_21,16,0.006314885481260717,0.5487200418114662
all_100,dialogue,later_middle_19_21,17,0.0042813143943203616,0.2542653066292405
all_100,dialogue,later_middle_19_21,18,0.0033890091895591467,0.20759736359119416
all_100,dialogue,later_middle_19_21,19,0.0036775826709344985,0.28354314431548117
all_100,dialogue,later_middle_19_21,20,0.006977416680892929,0.5468162550032138
all_100,dialogue,later_middle_19_21,21,0.013497811755514703,1.260187296271324
all_100,dialogue,later_middle_19_21,22,0.018125113665591927,2.609518590271473
all_100,dialogue,later_middle_19_21,23,0.04356414512731135,9.733703482151032
all_100,dialogue,later_middle_19_21,24,0.09585245784372091,26.491750922203064
all_100,dialogue,later_middle_19_21,25,0.029414249882102013,19.630115275382995
all_100,dialogue,later_middle_19_21,26,0.033325356394052506,14.235505414009094
all_100,dialogue,later_middle_19_21,27,0.04563060499727726,16.850545959472655
all_100,dialogue,later_middle_19_21,28,0.043614384112879635,15.208181700706483
all_100,dialogue,later_middle_19_21,29,0.0633176932297647,38.50908344268799
all_100,dialogue,later_middle_19_21,30,0.03878281747922301,41.24010650634766
all_100,dialogue,later_middle_19_21,31,0.06669872868806123,58.53275590896607
all_100,dialogue,later_middle_19_21,32,0.03636802142485976,69.83579482078552
all_100,dialogue,later_middle_19_21,33,0.06286072600632905,87.4830415725708
all_100,dialogue,later_middle_19_21,34,0.035592270344495774,75.80905755996704
all_100,dialogue,later_middle_19_21,35,0.018611222538165748,9.831032304763793
all_100,dialogue,sparse_union,0,0.010849305097945034,0.12727796129882335
all_100,dialogue,sparse_union,1,0.007153511622454971,0.08595784671604634
all_100,dialogue,sparse_union,2,0.010890324865467847,0.17432751424610615
all_100,dialogue,sparse_union,3,0.015018636276945472,0.6236177475750446
all_100,dialogue,sparse_union,4,0.005650283333379775,0.13670770153403283
all_100,dialogue,sparse_union,5,0.002810246618464589,0.10388558890670538
all_100,dialogue,sparse_union,6,0.003216998621355742,0.07366851933300494
all_100,dialogue,sparse_union,7,0.0008352188533172012,0.03354317812249064
all_100,dialogue,sparse_union,8,0.0013164286414394156,0.0891273670271039
all_100,dialogue,sparse_union,9,0.003368789912201464,0.4330297701060772
all_100,dialogue,sparse_union,10,0.005371856994461268,0.8247055679559707
all_100,dialogue,sparse_union,11,0.0023017856891965494,0.1793770472705364
all_100,dialogue,sparse_union,12,0.000798300601891242,0.05577936369925737
all_100,dialogue,sparse_union,13,0.0020134676710586064,0.15045782700181007
all_100,dialogue,sparse_union,14,0.0039959831349551675,0.432343787252903
all_100,dialogue,sparse_union,15,0.0031692246696911753,0.21319555155932904
all_100,dialogue,sparse_union,16,0.006123351741116494,0.5402736096084118
all_100,dialogue,sparse_union,17,0.0034999769655405543,0.21053181447088717
all_100,dialogue,sparse_union,18,0.0028087593396776355,0.16553503666073083
all_100,dialogue,sparse_union,19,0.0031123697489965707,0.24625365100800992
all_100,dialogue,sparse_union,20,0.006289299993077293,0.4977369706332684
all_100,dialogue,sparse_union,21,0.01202273254690226,1.1791781729459763
all_100,dialogue,sparse_union,22,0.0164414299512282,2.3393840900063516
all_100,dialogue,sparse_union,23,0.05742139127105474,12.858570280075073
all_100,dialogue,sparse_union,24,0.11856899287551642,34.20113514900208
all_100,dialogue,sparse_union,25,0.033442461015656594,25.482193479537965
all_100,dialogue,sparse_union,26,0.030077355057001112,11.125120210647584
all_100,dialogue,sparse_union,27,0.04196498712524772,14.306527423858643
all_100,dialogue,sparse_union,28,0.04998681513592601,19.790617909431457
all_100,dialogue,sparse_union,29,0.07235818829387426,44.58693325042724
all_100,dialogue,sparse_union,30,0.04243229979649186,46.172843532562254
all_100,dialogue,sparse_union,31,0.08047433085739612,73.23165031433105
all_100,dialogue,sparse_union,32,0.04764235737733543,93.13932765007019
all_100,dialogue,sparse_union,33,0.07665043011307716,103.74400478363037
all_100,dialogue,sparse_union,34,0.043003704454749825,89.97212076187134
all_100,dialogue,sparse_union,35,0.016208865335211157,8.542681849002838
all_100,dialogue,late_negative_30_32,0,0.010849305097945034,0.12727796129882335
all_100,dialogue,late_negative_30_32,1,0.007153511622454971,0.08595784671604634
all_100,dialogue,late_negative_30_32,2,0.010890324865467847,0.17432751424610615
all_100,dialogue,late_negative_30_32,3,0.015018636276945472,0.6236177475750446
all_100,dialogue,late_negative_30_32,4,0.005650283333379775,0.13670770153403283
all_100,dialogue,late_negative_30_32,5,0.002810246618464589,0.10388558890670538
all_100,dialogue,late_negative_30_32,6,0.003226325744763017,0.07374727658927441
all_100,dialogue,late_negative_30_32,7,0.0008385681849904359,0.03368955643847585
all_100,dialogue,late_negative_30_32,8,0.0013399927486898377,0.09074011143296958
all_100,dialogue,late_negative_30_32,9,0.0035037796187680215,0.4543112751841545
all_100,dialogue,late_negative_30_32,10,0.00546240613097325,0.8333535540103912
all_100,dialogue,late_negative_30_32,11,0.0023763233103090897,0.18389283664524556
all_100,dialogue,late_negative_30_32,12,0.0008312578775803559,0.05889452995732427
all_100,dialogue,late_negative_30_32,13,0.002142786825133953,0.1574069045484066
all_100,dialogue,late_negative_30_32,14,0.004075909005478024,0.43189536541700363
all_100,dialogue,late_negative_30_32,15,0.0032994990004226567,0.222553141489625
all_100,dialogue,late_negative_30_32,16,0.006314885481260717,0.5487200418114662
all_100,dialogue,late_negative_30_32,17,0.0042813143943203616,0.2542653066292405
all_100,dialogue,late_negative_30_32,18,0.0033890091895591467,0.20759736359119416
all_100,dialogue,late_negative_30_32,19,0.0036775826709344985,0.28354314431548117
all_100,dialogue,late_negative_30_32,20,0.007107518223347142,0.554963049441576
all_100,dialogue,late_negative_30_32,21,0.013550982933375054,1.272299643009901
all_100,dialogue,late_negative_30_32,22,0.01918522019404918,2.7699939796328543
all_100,dialogue,late_negative_30_32,23,0.030324176168069244,6.4629540801048275
all_100,dialogue,late_negative_30_32,24,0.07655551835894585,20.98840497970581
all_100,dialogue,late_negative_30_32,25,0.024490118715912102,14.292219662666321
all_100,dialogue,late_negative_30_32,26,0.03177684708032757,14.029724915027618
all_100,dialogue,late_negative_30_32,27,0.04741791799664497,18.764668774604797
all_100,dialogue,late_negative_30_32,28,0.0375145784765482,11.681434350013733
all_100,dialogue,late_negative_30_32,29,0.05458485679700971,34.701846828460695
all_100,dialogue,late_negative_30_32,30,0.03569577286019921,37.819816493988036
all_100,dialogue,late_negative_30_32,31,0.056376114469021556,49.632030982971195
all_100,dialogue,late_negative_30_32,32,0.029665385857224464,56.81997662544251
all_100,dialogue,late_negative_30_32,33,0.053091812096536156,75.49021179199218
all_100,dialogue,late_negative_30_32,34,0.03122357953339815,69.05089323997498
all_100,dialogue,late_negative_30_32,35,0.019234308684244753,10.122969393730164
unseen_confirmatory,direct_fact,clean,0,0.010729433492172596,0.1315880557305591
unseen_confirmatory,direct_fact,clean,1,0.00649946772623374,0.09249192112407019
unseen_confirmatory,direct_fact,clean,2,0.008877111791069944,0.12287379783946414
unseen_confirmatory,direct_fact,clean,3,0.014058970775845092,0.6390456226329471
unseen_confirmatory,direct_fact,clean,4,0.005597782261712953,0.1641591880037341
unseen_confirmatory,direct_fact,clean,5,0.0029818049190717556,0.13754553867633953
unseen_confirmatory,direct_fact,clean,6,0.0035712157598111866,0.1327718521879856
unseen_confirmatory,direct_fact,clean,7,0.0012431153614712923,0.0926075144779197
unseen_confirmatory,direct_fact,clean,8,0.0022753214701836887,0.17630735646153606
unseen_confirmatory,direct_fact,clean,9,0.0038781448289058927,0.3360657837501792
unseen_confirmatory,direct_fact,clean,10,0.004930602884743103,0.5819244850860086
unseen_confirmatory,direct_fact,clean,11,0.0024860877053660534,0.13807150682564392
unseen_confirmatory,direct_fact,clean,12,0.0023036962578094804,0.19551867601829906
unseen_confirmatory,direct_fact,clean,13,0.0039916358641781955,0.19240304992295976
unseen_confirmatory,direct_fact,clean,14,0.0061288695961107,0.33535143403812895
unseen_confirmatory,direct_fact,clean,15,0.0024127837996063537,0.1952279117391553
unseen_confirmatory,direct_fact,clean,16,0.003394748767848711,0.19452687101655228
unseen_confirmatory,direct_fact,clean,17,0.0059300856339896835,0.3275340066919493
unseen_confirmatory,direct_fact,clean,18,0.009336996856037267,0.7360358858524367
unseen_confirmatory,direct_fact,clean,19,0.012643065926250677,1.1285505104203557
unseen_confirmatory,direct_fact,clean,20,0.031145873133006485,2.5380878198978514
unseen_confirmatory,direct_fact,clean,21,0.10626722716314849,12.96499652640764
unseen_confirmatory,direct_fact,clean,22,0.04112346385887196,4.6308681493581725
unseen_confirmatory,direct_fact,clean,23,0.13224499083535615,26.09121056490166
unseen_confirmatory,direct_fact,clean,24,0.1425271488206331,37.1637245666149
unseen_confirmatory,direct_fact,clean,25,0.027792580025053994,17.21647377901299
unseen_confirmatory,direct_fact,clean,26,0.05199506670929665,13.135738051214883
unseen_confirmatory,direct_fact,clean,27,0.05038588340285906,16.842479617096657
unseen_confirmatory,direct_fact,clean,28,0.07927969726192396,46.650652286618254
unseen_confirmatory,direct_fact,clean,29,0.08638808477756589,60.01706558050111
unseen_confirmatory,direct_fact,clean,30,0.046657036816657976,48.68232704872309
unseen_confirmatory,direct_fact,clean,31,0.10324199133834173,107.8592853102573
unseen_confirmatory,direct_fact,clean,32,0.05914373292999212,123.98236374522365
unseen_confirmatory,direct_fact,clean,33,0.09547432819597942,136.57536715130473
unseen_confirmatory,direct_fact,clean,34,0.06125887175805347,119.6543509461159
unseen_confirmatory,direct_fact,clean,35,0.02119009919074732,13.45459953574247
unseen_confirmatory,direct_fact,full_intermediate_bottleneck,0,0.010729433492172596,0.1315880557305591
unseen_confirmatory,direct_fact,full_intermediate_bottleneck,1,0.006551869884999686,0.09340297811946204
unseen_confirmatory,direct_fact,full_intermediate_bottleneck,2,0.008924392395826099,0.12351395497315151
unseen_confirmatory,direct_fact,full_intermediate_bottleneck,3,0.01514569275774235,0.714052889236184
unseen_confirmatory,direct_fact,full_intermediate_bottleneck,4,0.006261579159019125,0.1811420450550179
unseen_confirmatory,direct_fact,full_intermediate_bottleneck,5,0.0035774137142525857,0.18037923338801362
unseen_confirmatory,direct_fact,full_intermediate_bottleneck,6,0.003549527039827216,0.1289790163119865
unseen_confirmatory,direct_fact,full_intermediate_bottleneck,7,0.001407825800205776,0.11279061501629131
unseen_confirmatory,direct_fact,full_intermediate_bottleneck,8,0.0026479365702090393,0.20963200519597808
unseen_confirmatory,direct_fact,full_intermediate_bottleneck,9,0.004796577539013395,0.4429763179532317
unseen_confirmatory,direct_fact,full_intermediate_bottleneck,10,0.005291683212204208,0.6360449997145076
unseen_confirmatory,direct_fact,full_intermediate_bottleneck,11,0.0028420001049092865,0.1655763195784286
unseen_confirmatory,direct_fact,full_intermediate_bottleneck,12,0.002473379272106645,0.20960940065425496
unseen_confirmatory,direct_fact,full_intermediate_bottleneck,13,0.004371169796159361,0.21319546489868052
unseen_confirmatory,direct_fact,full_intermediate_bottleneck,14,0.006716207546983348,0.36699407201173695
unseen_confirmatory,direct_fact,full_intermediate_bottleneck,15,0.0028120703815190163,0.2262186882800834
unseen_confirmatory,direct_fact,full_intermediate_bottleneck,16,0.003994801960246594,0.22900532177367874
unseen_confirmatory,direct_fact,full_intermediate_bottleneck,17,0.008007444361452187,0.5035150387259417
unseen_confirmatory,direct_fact,full_intermediate_bottleneck,18,0.019477837545753912,1.7595170452151188
unseen_confirmatory,direct_fact,full_intermediate_bottleneck,19,0.02288366535808458,1.9651823993339095
unseen_confirmatory,direct_fact,full_intermediate_bottleneck,20,0.05742038474526516,4.673092806062033
unseen_confirmatory,direct_fact,full_intermediate_bottleneck,21,0.1726862371487673,19.030645758606667
unseen_confirmatory,direct_fact,full_intermediate_bottleneck,22,0.053849842919166696,5.9559555497280385
unseen_confirmatory,direct_fact,full_intermediate_bottleneck,23,0.15072854937509048,27.653942573902217
unseen_confirmatory,direct_fact,full_intermediate_bottleneck,24,0.16786491818899332,39.31651505758596
unseen_confirmatory,direct_fact,full_intermediate_bottleneck,25,0.03045159753758547,16.652142025703608
unseen_confirmatory,direct_fact,full_intermediate_bottleneck,26,0.06340249025717724,21.4840534675953
unseen_confirmatory,direct_fact,full_intermediate_bottleneck,27,0.05624099920482137,19.257374807845714
unseen_confirmatory,direct_fact,full_intermediate_bottleneck,28,0.08526958239286445,47.20742367589197
unseen_confirmatory,direct_fact,full_intermediate_bottleneck,29,0.087572549404793,57.42708361426065
unseen_confirmatory,direct_fact,full_intermediate_bottleneck,30,0.04684724567761255,46.25320918061013
unseen_confirmatory,direct_fact,full_intermediate_bottleneck,31,0.08962697171887686,89.00173315891
unseen_confirmatory,direct_fact,full_intermediate_bottleneck,32,0.052262394364143525,101.82144213831702
unseen_confirmatory,direct_fact,full_intermediate_bottleneck,33,0.08563096635043621,118.95517548849416
unseen_confirmatory,direct_fact,full_intermediate_bottleneck,34,0.05883294138191051,99.29798747217933
unseen_confirmatory,direct_fact,full_intermediate_bottleneck,35,0.02653777829999494,16.553487478300582
unseen_confirmatory,direct_fact,early_5_7,0,0.010729433492172596,0.1315880557305591
unseen_confirmatory,direct_fact,early_5_7,1,0.006551869884999686,0.09340297811946204
unseen_confirmatory,direct_fact,early_5_7,2,0.008924392395826099,0.12351395497315151
unseen_confirmatory,direct_fact,early_5_7,3,0.01514569275774235,0.714052889236184
unseen_confirmatory,direct_fact,early_5_7,4,0.006261579159019125,0.1811420450550179
unseen_confirmatory,direct_fact,early_5_7,5,0.0035774137142525857,0.18037923338801362
unseen_confirmatory,direct_fact,early_5_7,6,0.00357381752854603,0.12998196300725604
unseen_confirmatory,direct_fact,early_5_7,7,0.0013785581997877291,0.11002838373357474
unseen_confirmatory,direct_fact,early_5_7,8,0.0024996880119731433,0.19740763081367627
unseen_confirmatory,direct_fact,early_5_7,9,0.0044157200325063845,0.39743888551412626
unseen_confirmatory,direct_fact,early_5_7,10,0.005120671822602839,0.6067883614883867
unseen_confirmatory,direct_fact,early_5_7,11,0.0026844502020583944,0.1538478173315525
unseen_confirmatory,direct_fact,early_5_7,12,0.002389602770563215,0.2021277501832607
unseen_confirmatory,direct_fact,early_5_7,13,0.004244884296027987,0.20453986395583595
unseen_confirmatory,direct_fact,early_5_7,14,0.00661879179046251,0.36074047916850377
unseen_confirmatory,direct_fact,early_5_7,15,0.00260221240311038,0.2093148636090201
unseen_confirmatory,direct_fact,early_5_7,16,0.0036910635440848593,0.21329501045997754
unseen_confirmatory,direct_fact,early_5_7,17,0.00737940962967831,0.4580551730685456
unseen_confirmatory,direct_fact,early_5_7,18,0.016004180340746115,1.3871859020965045
unseen_confirmatory,direct_fact,early_5_7,19,0.020270772657335498,1.780602103748987
unseen_confirmatory,direct_fact,early_5_7,20,0.05238573837938697,4.398262958193934
unseen_confirmatory,direct_fact,early_5_7,21,0.1580710963800896,17.653626453044804
unseen_confirmatory,direct_fact,early_5_7,22,0.04984234749924305,5.6269251413123555
unseen_confirmatory,direct_fact,early_5_7,23,0.14403886902470922,27.61885463359744
unseen_confirmatory,direct_fact,early_5_7,24,0.15902835633172546,37.393552136975664
unseen_confirmatory,direct_fact,early_5_7,25,0.028067452551493812,15.703892391781475
unseen_confirmatory,direct_fact,early_5_7,26,0.056149695025280465,16.562852776327798
unseen_confirmatory,direct_fact,early_5_7,27,0.0521134449342309,17.286862484244413
unseen_confirmatory,direct_fact,early_5_7,28,0.08414244322582733,47.72948194104572
unseen_confirmatory,direct_fact,early_5_7,29,0.08737511902527753,57.42937518275061
unseen_confirmatory,direct_fact,early_5_7,30,0.04837003798592229,48.76246678551962
unseen_confirmatory,direct_fact,early_5_7,31,0.09726588887184165,97.25969531924225
unseen_confirmatory,direct_fact,early_5_7,32,0.0569037490112837,113.60351728838543
unseen_confirmatory,direct_fact,early_5_7,33,0.09283349108557369,128.6810256603152
unseen_confirmatory,direct_fact,early_5_7,34,0.06187015061461648,109.12223691718523
unseen_confirmatory,direct_fact,early_5_7,35,0.025782372921618613,16.29265703156937
unseen_confirmatory,direct_fact,middle_12_14,0,0.010729433492172596,0.1315880557305591
unseen_confirmatory,direct_fact,middle_12_14,1,0.006551869884999686,0.09340297811946204
unseen_confirmatory,direct_fact,middle_12_14,2,0.008924392395826099,0.12351395497315151
unseen_confirmatory,direct_fact,middle_12_14,3,0.01514569275774235,0.714052889236184
unseen_confirmatory,direct_fact,middle_12_14,4,0.006261579159019125,0.1811420450550179
unseen_confirmatory,direct_fact,middle_12_14,5,0.0035774137142525857,0.18037923338801362
unseen_confirmatory,direct_fact,middle_12_14,6,0.003549527039827216,0.1289790163119865
unseen_confirmatory,direct_fact,middle_12_14,7,0.001407825800205776,0.11279061501629131
unseen_confirmatory,direct_fact,middle_12_14,8,0.0026479365702090393,0.20963200519597808
unseen_confirmatory,direct_fact,middle_12_14,9,0.004796577539013395,0.4429763179532317
unseen_confirmatory,direct_fact,middle_12_14,10,0.005291683212204208,0.6360449997145076
unseen_confirmatory,direct_fact,middle_12_14,11,0.0028420001049092865,0.1655763195784286
unseen_confirmatory,direct_fact,middle_12_14,12,0.002473379272106645,0.20960940065425496
unseen_confirmatory,direct_fact,middle_12_14,13,0.00441519976837214,0.21460710925071738
unseen_confirmatory,direct_fact,middle_12_14,14,0.0067071714655084665,0.36776064630857735
unseen_confirmatory,direct_fact,middle_12_14,15,0.0028487415476648008,0.22737389941548192
unseen_confirmatory,direct_fact,middle_12_14,16,0.00411229764468708,0.23512688383113506
unseen_confirmatory,direct_fact,middle_12_14,17,0.007716166692092841,0.4563943854598112
unseen_confirmatory,direct_fact,middle_12_14,18,0.014932184263544028,1.2895148008368735
unseen_confirmatory,direct_fact,middle_12_14,19,0.01821771753562051,1.597658867059752
unseen_confirmatory,direct_fact,middle_12_14,20,0.046116885642499425,3.7557122263797496
unseen_confirmatory,direct_fact,middle_12_14,21,0.1583058959696182,17.31237405954405
unseen_confirmatory,direct_fact,middle_12_14,22,0.04970201429759347,5.506059230760086
unseen_confirmatory,direct_fact,middle_12_14,23,0.15006599081463592,28.449714416681335
unseen_confirmatory,direct_fact,middle_12_14,24,0.15479924581771673,36.06237602233887
unseen_confirmatory,direct_fact,middle_12_14,25,0.02731878601751009,14.899574995040894
unseen_confirmatory,direct_fact,middle_12_14,26,0.05703061832071737,16.35037855214851
unseen_confirmatory,direct_fact,middle_12_14,27,0.05438328556023365,18.05654292882875
unseen_confirmatory,direct_fact,middle_12_14,28,0.08491816640246747,48.31158948499103
unseen_confirmatory,direct_fact,middle_12_14,29,0.08796640061015307,58.623114341913265
unseen_confirmatory,direct_fact,middle_12_14,30,0.04850709852004467,48.87827828873036
unseen_confirmatory,direct_fact,middle_12_14,31,0.0998685268988443,100.35246964388115
unseen_confirmatory,direct_fact,middle_12_14,32,0.058907353622449,117.91422078775805
unseen_confirmatory,direct_fact,middle_12_14,33,0.09554031625563322,132.5943491736124
unseen_confirmatory,direct_fact,middle_12_14,34,0.06376812890778448,113.18537481441054
unseen_confirmatory,direct_fact,middle_12_14,35,0.025154110185022272,15.956893521685933
unseen_confirmatory,direct_fact,later_middle_19_21,0,0.010729433492172596,0.1315880557305591
unseen_confirmatory,direct_fact,later_middle_19_21,1,0.006551869884999686,0.09340297811946204
unseen_confirmatory,direct_fact,later_middle_19_21,2,0.008924392395826099,0.12351395497315151
unseen_confirmatory,direct_fact,later_middle_19_21,3,0.01514569275774235,0.714052889236184
unseen_confirmatory,direct_fact,later_middle_19_21,4,0.006261579159019125,0.1811420450550179
unseen_confirmatory,direct_fact,later_middle_19_21,5,0.0035774137142525857,0.18037923338801362
unseen_confirmatory,direct_fact,later_middle_19_21,6,0.003549527039827216,0.1289790163119865
unseen_confirmatory,direct_fact,later_middle_19_21,7,0.001407825800205776,0.11279061501629131
unseen_confirmatory,direct_fact,later_middle_19_21,8,0.0026479365702090393,0.20963200519597808
unseen_confirmatory,direct_fact,later_middle_19_21,9,0.004796577539013395,0.4429763179532317
unseen_confirmatory,direct_fact,later_middle_19_21,10,0.005291683212204208,0.6360449997145076
unseen_confirmatory,direct_fact,later_middle_19_21,11,0.0028420001049092865,0.1655763195784286
unseen_confirmatory,direct_fact,later_middle_19_21,12,0.002473379272106645,0.20960940065425496
unseen_confirmatory,direct_fact,later_middle_19_21,13,0.004371169796159361,0.21319546489868052
unseen_confirmatory,direct_fact,later_middle_19_21,14,0.006716207546983348,0.36699407201173695
unseen_confirmatory,direct_fact,later_middle_19_21,15,0.0028120703815190163,0.2262186882800834
unseen_confirmatory,direct_fact,later_middle_19_21,16,0.003994801960246594,0.22900532177367874
unseen_confirmatory,direct_fact,later_middle_19_21,17,0.008007444361452187,0.5035150387259417
unseen_confirmatory,direct_fact,later_middle_19_21,18,0.019477837545753912,1.7595170452151188
unseen_confirmatory,direct_fact,later_middle_19_21,19,0.02288366535808458,1.9651823993339095
unseen_confirmatory,direct_fact,later_middle_19_21,20,0.05506551779026902,4.361668931883435
unseen_confirmatory,direct_fact,later_middle_19_21,21,0.1687162797464881,18.4064360884733
unseen_confirmatory,direct_fact,later_middle_19_21,22,0.05205494217401327,5.809250310409901
unseen_confirmatory,direct_fact,later_middle_19_21,23,0.16266068053800006,29.3356755500616
unseen_confirmatory,direct_fact,later_middle_19_21,24,0.16658643321242445,38.09292941869691
unseen_confirmatory,direct_fact,later_middle_19_21,25,0.029179013550801332,15.599851902141127
unseen_confirmatory,direct_fact,later_middle_19_21,26,0.06132974566588568,18.686893817990324
unseen_confirmatory,direct_fact,later_middle_19_21,27,0.056536503266109976,18.964947290198747
unseen_confirmatory,direct_fact,later_middle_19_21,28,0.08662917482298474,48.29002957011378
unseen_confirmatory,direct_fact,later_middle_19_21,29,0.09034086330685505,59.636843570443084
unseen_confirmatory,direct_fact,later_middle_19_21,30,0.04942084376721881,48.85294517250948
unseen_confirmatory,direct_fact,later_middle_19_21,31,0.09746734893252683,97.6153942374296
unseen_confirmatory,direct_fact,later_middle_19_21,32,0.055708358367515164,109.54369804471038
unseen_confirmatory,direct_fact,later_middle_19_21,33,0.09057000439700692,126.37470369560774
unseen_confirmatory,direct_fact,later_middle_19_21,34,0.06345785792570474,107.62657059070676
unseen_confirmatory,direct_fact,later_middle_19_21,35,0.026170149640461732,16.911044852678167
unseen_confirmatory,direct_fact,sparse_union,0,0.010729433492172596,0.1315880557305591
unseen_confirmatory,direct_fact,sparse_union,1,0.006551869884999686,0.09340297811946204
unseen_confirmatory,direct_fact,sparse_union,2,0.008924392395826099,0.12351395497315151
unseen_confirmatory,direct_fact,sparse_union,3,0.01514569275774235,0.714052889236184
unseen_confirmatory,direct_fact,sparse_union,4,0.006261579159019125,0.1811420450550179
unseen_confirmatory,direct_fact,sparse_union,5,0.0035774137142525857,0.18037923338801362
unseen_confirmatory,direct_fact,sparse_union,6,0.00357381752854603,0.12998196300725604
unseen_confirmatory,direct_fact,sparse_union,7,0.0013785581997877291,0.11002838373357474
unseen_confirmatory,direct_fact,sparse_union,8,0.0024996880119731433,0.19740763081367627
unseen_confirmatory,direct_fact,sparse_union,9,0.0044157200325063845,0.39743888551412626
unseen_confirmatory,direct_fact,sparse_union,10,0.005120671822602839,0.6067883614883867
unseen_confirmatory,direct_fact,sparse_union,11,0.0026844502020583944,0.1538478173315525
unseen_confirmatory,direct_fact,sparse_union,12,0.002389602770563215,0.2021277501832607
unseen_confirmatory,direct_fact,sparse_union,13,0.004275742287444341,0.20532990905434587
unseen_confirmatory,direct_fact,sparse_union,14,0.006583337563761445,0.35922324258920757
unseen_confirmatory,direct_fact,sparse_union,15,0.0026113433874385473,0.20931645638720933
unseen_confirmatory,direct_fact,sparse_union,16,0.003750974315131993,0.21584450895356577
unseen_confirmatory,direct_fact,sparse_union,17,0.007034824381387511,0.41390871377878413
unseen_confirmatory,direct_fact,sparse_union,18,0.012260275968718667,1.0323236158420874
unseen_confirmatory,direct_fact,sparse_union,19,0.016003029805413165,1.4502598788849144
unseen_confirmatory,direct_fact,sparse_union,20,0.03935773549384849,3.2076479958933453
unseen_confirmatory,direct_fact,sparse_union,21,0.13173296519143637,15.033363941103913
unseen_confirmatory,direct_fact,sparse_union,22,0.04346559681864672,4.859595501145651
unseen_confirmatory,direct_fact,sparse_union,23,0.14625070616602898,27.996339975401412
unseen_confirmatory,direct_fact,sparse_union,24,0.14718730331853377,34.19434633920359
unseen_confirmatory,direct_fact,sparse_union,25,0.026596887221256662,14.244730722072513
unseen_confirmatory,direct_fact,sparse_union,26,0.0581159608568563,15.254358779552371
unseen_confirmatory,direct_fact,sparse_union,27,0.054509556484083795,17.899041641590205
unseen_confirmatory,direct_fact,sparse_union,28,0.08653851078693257,48.787862999494685
unseen_confirmatory,direct_fact,sparse_union,29,0.0920224275093439,61.77791755143986
unseen_confirmatory,direct_fact,sparse_union,30,0.05043304263245921,50.7959260718767
unseen_confirmatory,direct_fact,sparse_union,31,0.10793838736622832,108.8437385559082
unseen_confirmatory,direct_fact,sparse_union,32,0.06174536803087523,123.93636304278706
unseen_confirmatory,direct_fact,sparse_union,33,0.10027082749577455,138.57269366951877
unseen_confirmatory,direct_fact,sparse_union,34,0.06801747812261415,120.84801181527071
unseen_confirmatory,direct_fact,sparse_union,35,0.024818767035423323,16.090924895086953
unseen_confirmatory,direct_fact,late_negative_30_32,0,0.010729433492172596,0.1315880557305591
unseen_confirmatory,direct_fact,late_negative_30_32,1,0.006551869884999686,0.09340297811946204
unseen_confirmatory,direct_fact,late_negative_30_32,2,0.008924392395826099,0.12351395497315151
unseen_confirmatory,direct_fact,late_negative_30_32,3,0.01514569275774235,0.714052889236184
unseen_confirmatory,direct_fact,late_negative_30_32,4,0.006261579159019125,0.1811420450550179
unseen_confirmatory,direct_fact,late_negative_30_32,5,0.0035774137142525857,0.18037923338801362
unseen_confirmatory,direct_fact,late_negative_30_32,6,0.003549527039827216,0.1289790163119865
unseen_confirmatory,direct_fact,late_negative_30_32,7,0.001407825800205776,0.11279061501629131
unseen_confirmatory,direct_fact,late_negative_30_32,8,0.0026479365702090393,0.20963200519597808
unseen_confirmatory,direct_fact,late_negative_30_32,9,0.004796577539013395,0.4429763179532317
unseen_confirmatory,direct_fact,late_negative_30_32,10,0.005291683212204208,0.6360449997145076
unseen_confirmatory,direct_fact,late_negative_30_32,11,0.0028420001049092865,0.1655763195784286
unseen_confirmatory,direct_fact,late_negative_30_32,12,0.002473379272106645,0.20960940065425496
unseen_confirmatory,direct_fact,late_negative_30_32,13,0.004371169796159361,0.21319546489868052
unseen_confirmatory,direct_fact,late_negative_30_32,14,0.006716207546983348,0.36699407201173695
unseen_confirmatory,direct_fact,late_negative_30_32,15,0.0028120703815190163,0.2262186882800834
unseen_confirmatory,direct_fact,late_negative_30_32,16,0.003994801960246594,0.22900532177367874
unseen_confirmatory,direct_fact,late_negative_30_32,17,0.008007444361452187,0.5035150387259417
unseen_confirmatory,direct_fact,late_negative_30_32,18,0.019477837545753912,1.7595170452151188
unseen_confirmatory,direct_fact,late_negative_30_32,19,0.02288366535808458,1.9651823993339095
unseen_confirmatory,direct_fact,late_negative_30_32,20,0.05742038474526516,4.673092806062033
unseen_confirmatory,direct_fact,late_negative_30_32,21,0.1726862371487673,19.030645758606667
unseen_confirmatory,direct_fact,late_negative_30_32,22,0.053849842919166696,5.9559555497280385
unseen_confirmatory,direct_fact,late_negative_30_32,23,0.15072854937509048,27.653942573902217
unseen_confirmatory,direct_fact,late_negative_30_32,24,0.16786491818899332,39.31651505758596
unseen_confirmatory,direct_fact,late_negative_30_32,25,0.03045159753758547,16.652142025703608
unseen_confirmatory,direct_fact,late_negative_30_32,26,0.06340249025717724,21.4840534675953
unseen_confirmatory,direct_fact,late_negative_30_32,27,0.05624099920482137,19.257374807845714
unseen_confirmatory,direct_fact,late_negative_30_32,28,0.08526958239286445,47.20742367589197
unseen_confirmatory,direct_fact,late_negative_30_32,29,0.087572549404793,57.42708361426065
unseen_confirmatory,direct_fact,late_negative_30_32,30,0.04684724567761255,46.25320918061013
unseen_confirmatory,direct_fact,late_negative_30_32,31,0.08945414306985777,88.83641668807628
unseen_confirmatory,direct_fact,late_negative_30_32,32,0.052292498001872106,101.86655847416368
unseen_confirmatory,direct_fact,late_negative_30_32,33,0.08548271062588969,118.95456509257473
unseen_confirmatory,direct_fact,late_negative_30_32,34,0.0584729447484363,99.29268814796625
unseen_confirmatory,direct_fact,late_negative_30_32,35,0.025971317663788795,16.03530195701954
unseen_confirmatory,person_in_list,clean,0,0.0091523805248746,0.13498519642581774
unseen_confirmatory,person_in_list,clean,1,0.006680697413854474,0.09510581455258436
unseen_confirmatory,person_in_list,clean,2,0.013648568907059556,0.19034688287349635
unseen_confirmatory,person_in_list,clean,3,0.015936765267492034,0.6055111923190051
unseen_confirmatory,person_in_list,clean,4,0.005446076379590776,0.13725731599816057
unseen_confirmatory,person_in_list,clean,5,0.0037120083864063545,0.1315359879111828
unseen_confirmatory,person_in_list,clean,6,0.004078904157341999,0.10480424997851599
unseen_confirmatory,person_in_list,clean,7,0.0007976404882610104,0.05763177521700083
unseen_confirmatory,person_in_list,clean,8,0.0033387958212907232,0.3962653400593026
unseen_confirmatory,person_in_list,clean,9,0.003397969160158577,0.37294555013609487
unseen_confirmatory,person_in_list,clean,10,0.00414565019986354,0.7519937996254411
unseen_confirmatory,person_in_list,clean,11,0.0015705425229984834,0.10994260247017063
unseen_confirmatory,person_in_list,clean,12,0.0017786198674679496,0.09040869508198528
unseen_confirmatory,person_in_list,clean,13,0.0016449153522126983,0.0988198991778285
unseen_confirmatory,person_in_list,clean,14,0.003956620031859466,0.26491173105530963
unseen_confirmatory,person_in_list,clean,15,0.0017987202641792422,0.12315569636087086
unseen_confirmatory,person_in_list,clean,16,0.0032681719464964644,0.5658644416997599
unseen_confirmatory,person_in_list,clean,17,0.0057901368898794405,0.45952927858330483
unseen_confirmatory,person_in_list,clean,18,0.008199669561500466,0.932108438812023
unseen_confirmatory,person_in_list,clean,19,0.011634640065346693,1.2346005065496577
unseen_confirmatory,person_in_list,clean,20,0.016334671608367286,1.3846777566643649
unseen_confirmatory,person_in_list,clean,21,0.05931709574665441,7.609094263509262
unseen_confirmatory,person_in_list,clean,22,0.01778221957190612,2.1873334563055704
unseen_confirmatory,person_in_list,clean,23,0.0662795344454258,16.106803555821262
unseen_confirmatory,person_in_list,clean,24,0.11012932632205098,35.61516978019892
unseen_confirmatory,person_in_list,clean,25,0.03264575696355382,27.63395266200221
unseen_confirmatory,person_in_list,clean,26,0.03825481872745724,12.354157597519631
unseen_confirmatory,person_in_list,clean,27,0.037573331528408235,16.12513816079428
unseen_confirmatory,person_in_list,clean,28,0.06818358240605787,43.95408586014149
unseen_confirmatory,person_in_list,clean,29,0.07110268029189387,57.751557239266326
unseen_confirmatory,person_in_list,clean,30,0.03408965702320254,38.04838406762411
unseen_confirmatory,person_in_list,clean,31,0.08460092297646889,91.94084047716717
unseen_confirmatory,person_in_list,clean,32,0.04694354929419797,110.59508909181108
unseen_confirmatory,person_in_list,clean,33,0.07921728392153285,124.47733195992403
unseen_confirmatory,person_in_list,clean,34,0.03889775458116864,89.57877558331157
unseen_confirmatory,person_in_list,clean,35,0.01082224192552615,6.436602789302205
unseen_confirmatory,person_in_list,full_intermediate_bottleneck,0,0.0091523805248746,0.13498519642581774
unseen_confirmatory,person_in_list,full_intermediate_bottleneck,1,0.006721713128066514,0.09601396608144738
unseen_confirmatory,person_in_list,full_intermediate_bottleneck,2,0.013477438032020663,0.1861198153346777
unseen_confirmatory,person_in_list,full_intermediate_bottleneck,3,0.016959589245447586,0.6560880231649376
unseen_confirmatory,person_in_list,full_intermediate_bottleneck,4,0.006088556285925903,0.15925267217464226
unseen_confirmatory,person_in_list,full_intermediate_bottleneck,5,0.003999518531071412,0.1425773474106262
unseen_confirmatory,person_in_list,full_intermediate_bottleneck,6,0.004281006574760689,0.11835874749217616
unseen_confirmatory,person_in_list,full_intermediate_bottleneck,7,0.000979091577857278,0.07299602398822128
unseen_confirmatory,person_in_list,full_intermediate_bottleneck,8,0.003996268111053681,0.46816216877033545
unseen_confirmatory,person_in_list,full_intermediate_bottleneck,9,0.0043938972819379946,0.4978952807222688
unseen_confirmatory,person_in_list,full_intermediate_bottleneck,10,0.004861208943238612,0.8807983429625977
unseen_confirmatory,person_in_list,full_intermediate_bottleneck,11,0.0018409175025353337,0.12976335794773214
unseen_confirmatory,person_in_list,full_intermediate_bottleneck,12,0.0021351180560507835,0.10933621600270271
unseen_confirmatory,person_in_list,full_intermediate_bottleneck,13,0.001873429983090826,0.11702614463865757
unseen_confirmatory,person_in_list,full_intermediate_bottleneck,14,0.0046019553393667,0.3179290212344292
unseen_confirmatory,person_in_list,full_intermediate_bottleneck,15,0.0020215156526023218,0.1291872886291077
unseen_confirmatory,person_in_list,full_intermediate_bottleneck,16,0.0041153913547913,0.7047194672185321
unseen_confirmatory,person_in_list,full_intermediate_bottleneck,17,0.008482101939207072,0.7369264911773593
unseen_confirmatory,person_in_list,full_intermediate_bottleneck,18,0.010211336756731535,1.1434316818797312
unseen_confirmatory,person_in_list,full_intermediate_bottleneck,19,0.01364729655256798,1.5072417685458825
unseen_confirmatory,person_in_list,full_intermediate_bottleneck,20,0.017870772722025596,1.5883846885936206
unseen_confirmatory,person_in_list,full_intermediate_bottleneck,21,0.050206809412947924,6.3908922755441
unseen_confirmatory,person_in_list,full_intermediate_bottleneck,22,0.017032177279551707,2.2678883138091064
unseen_confirmatory,person_in_list,full_intermediate_bottleneck,23,0.02757309194177736,5.1933506103449085
unseen_confirmatory,person_in_list,full_intermediate_bottleneck,24,0.04758651091089083,10.642713100411171
unseen_confirmatory,person_in_list,full_intermediate_bottleneck,25,0.02085810272716159,8.64493639524593
unseen_confirmatory,person_in_list,full_intermediate_bottleneck,26,0.04016772318674728,14.068953270135923
unseen_confirmatory,person_in_list,full_intermediate_bottleneck,27,0.03261995638265859,15.1079206369644
unseen_confirmatory,person_in_list,full_intermediate_bottleneck,28,0.028428452500943526,13.554261124411294
unseen_confirmatory,person_in_list,full_intermediate_bottleneck,29,0.05227756205686303,35.74789619445801
unseen_confirmatory,person_in_list,full_intermediate_bottleneck,30,0.02932716646166735,31.968180889307067
unseen_confirmatory,person_in_list,full_intermediate_bottleneck,31,0.06115862261503935,60.79873998775039
unseen_confirmatory,person_in_list,full_intermediate_bottleneck,32,0.039192506133816966,85.0298662185669
unseen_confirmatory,person_in_list,full_intermediate_bottleneck,33,0.06261789322245953,91.11492667087289
unseen_confirmatory,person_in_list,full_intermediate_bottleneck,34,0.03568326413284901,78.35416820437409
unseen_confirmatory,person_in_list,full_intermediate_bottleneck,35,0.013435296741379209,7.425399200860844
unseen_confirmatory,person_in_list,early_5_7,0,0.0091523805248746,0.13498519642581774
unseen_confirmatory,person_in_list,early_5_7,1,0.006721713128066514,0.09601396608144738
unseen_confirmatory,person_in_list,early_5_7,2,0.013477438032020663,0.1861198153346777
unseen_confirmatory,person_in_list,early_5_7,3,0.016959589245447586,0.6560880231649376
unseen_confirmatory,person_in_list,early_5_7,4,0.006088556285925903,0.15925267217464226
unseen_confirmatory,person_in_list,early_5_7,5,0.003999518531071412,0.1425773474106262
unseen_confirmatory,person_in_list,early_5_7,6,0.004305825093598646,0.11903106958367103
unseen_confirmatory,person_in_list,early_5_7,7,0.0009734815258673544,0.07217556309648031
unseen_confirmatory,person_in_list,early_5_7,8,0.003939324688047257,0.4619160372503968
unseen_confirmatory,person_in_list,early_5_7,9,0.00425030647094773,0.4804890645278055
unseen_confirmatory,person_in_list,early_5_7,10,0.004736764912850895,0.8573527956424758
unseen_confirmatory,person_in_list,early_5_7,11,0.0017712691570036547,0.12402738834363083
unseen_confirmatory,person_in_list,early_5_7,12,0.002062159970803403,0.10531076286421266
unseen_confirmatory,person_in_list,early_5_7,13,0.0018382458839305612,0.11504937127925628
unseen_confirmatory,person_in_list,early_5_7,14,0.0045266671764101225,0.30907673033517463
unseen_confirmatory,person_in_list,early_5_7,15,0.0020251453442628993,0.12907131635692232
unseen_confirmatory,person_in_list,early_5_7,16,0.004037059578221551,0.6891974955797195
unseen_confirmatory,person_in_list,early_5_7,17,0.00814266802017512,0.7035053358521572
unseen_confirmatory,person_in_list,early_5_7,18,0.010176421557336526,1.1535302575590998
unseen_confirmatory,person_in_list,early_5_7,19,0.013608454694148413,1.4817724037309026
unseen_confirmatory,person_in_list,early_5_7,20,0.017382582682076583,1.515962821106578
unseen_confirmatory,person_in_list,early_5_7,21,0.055457923453041284,6.97320233805235
unseen_confirmatory,person_in_list,early_5_7,22,0.017780955317755077,2.408992260694504
unseen_confirmatory,person_in_list,early_5_7,23,0.033004773401676915,6.4984351729237755
unseen_confirmatory,person_in_list,early_5_7,24,0.055961746657483796,12.31943263009537
unseen_confirmatory,person_in_list,early_5_7,25,0.024219430289989293,10.190430940583695
unseen_confirmatory,person_in_list,early_5_7,26,0.04573778799453447,16.59207045754721
unseen_confirmatory,person_in_list,early_5_7,27,0.037717065324487035,18.04366465779238
unseen_confirmatory,person_in_list,early_5_7,28,0.03498679375665825,17.536181305730064
unseen_confirmatory,person_in_list,early_5_7,29,0.05857247491042281,40.30947093076484
unseen_confirmatory,person_in_list,early_5_7,30,0.03133265539830507,33.483767043712525
unseen_confirmatory,person_in_list,early_5_7,31,0.06610854199632656,65.28022668528003
unseen_confirmatory,person_in_list,early_5_7,32,0.041825397611530715,88.86719690367232
unseen_confirmatory,person_in_list,early_5_7,33,0.06720968366189059,95.47105727084848
unseen_confirmatory,person_in_list,early_5_7,34,0.037280371585904165,79.42995455098706
unseen_confirmatory,person_in_list,early_5_7,35,0.01376834126774135,7.596510587736618
unseen_confirmatory,person_in_list,middle_12_14,0,0.0091523805248746,0.13498519642581774
unseen_confirmatory,person_in_list,middle_12_14,1,0.006721713128066514,0.09601396608144738
unseen_confirmatory,person_in_list,middle_12_14,2,0.013477438032020663,0.1861198153346777
unseen_confirmatory,person_in_list,middle_12_14,3,0.016959589245447586,0.6560880231649376
unseen_confirmatory,person_in_list,middle_12_14,4,0.006088556285925903,0.15925267217464226
unseen_confirmatory,person_in_list,middle_12_14,5,0.003999518531071412,0.1425773474106262
unseen_confirmatory,person_in_list,middle_12_14,6,0.004281006574760689,0.11835874749217616
unseen_confirmatory,person_in_list,middle_12_14,7,0.000979091577857278,0.07299602398822128
unseen_confirmatory,person_in_list,middle_12_14,8,0.003996268111053681,0.46816216877033545
unseen_confirmatory,person_in_list,middle_12_14,9,0.0043938972819379946,0.4978952807222688
unseen_confirmatory,person_in_list,middle_12_14,10,0.004861208943238612,0.8807983429625977
unseen_confirmatory,person_in_list,middle_12_14,11,0.0018409175025353337,0.12976335794773214
unseen_confirmatory,person_in_list,middle_12_14,12,0.0021351180560507835,0.10933621600270271
unseen_confirmatory,person_in_list,middle_12_14,13,0.0018752427354758216,0.1172240532848031
unseen_confirmatory,person_in_list,middle_12_14,14,0.004591033601765196,0.31773128949625545
unseen_confirmatory,person_in_list,middle_12_14,15,0.002008016450671739,0.12872782029038252
unseen_confirmatory,person_in_list,middle_12_14,16,0.004001674414233326,0.6883728472992431
unseen_confirmatory,person_in_list,middle_12_14,17,0.007677629988012445,0.6671063435632129
unseen_confirmatory,person_in_list,middle_12_14,18,0.010229011299088597,1.1880580931901932
unseen_confirmatory,person_in_list,middle_12_14,19,0.013669348857907016,1.494973630059597
unseen_confirmatory,person_in_list,middle_12_14,20,0.017579569914486518,1.556682714889216
unseen_confirmatory,person_in_list,middle_12_14,21,0.05387408369718943,6.880393176577812
unseen_confirmatory,person_in_list,middle_12_14,22,0.017376923116010634,2.3461405322995295
unseen_confirmatory,person_in_list,middle_12_14,23,0.03164616339775019,6.457415067872335
unseen_confirmatory,person_in_list,middle_12_14,24,0.05576734788455935,12.740700325300526
unseen_confirmatory,person_in_list,middle_12_14,25,0.023500124512370244,10.399217336676841
unseen_confirmatory,person_in_list,middle_12_14,26,0.04795807610850695,18.235429120618242
unseen_confirmatory,person_in_list,middle_12_14,27,0.03866816615295965,18.31412146673646
unseen_confirmatory,person_in_list,middle_12_14,28,0.03644204060655347,18.356492419575535
unseen_confirmatory,person_in_list,middle_12_14,29,0.05797029789104018,40.00819942563079
unseen_confirmatory,person_in_list,middle_12_14,30,0.03108900800607232,33.00278717972512
unseen_confirmatory,person_in_list,middle_12_14,31,0.06424010869895302,63.42561198389807
unseen_confirmatory,person_in_list,middle_12_14,32,0.04072712641209364,87.33800295896309
unseen_confirmatory,person_in_list,middle_12_14,33,0.0656182941395876,94.1529926921046
unseen_confirmatory,person_in_list,middle_12_14,34,0.036101118932196564,76.66965588857961
unseen_confirmatory,person_in_list,middle_12_14,35,0.01338671147281867,7.178798925044925
unseen_confirmatory,person_in_list,later_middle_19_21,0,0.0091523805248746,0.13498519642581774
unseen_confirmatory,person_in_list,later_middle_19_21,1,0.006721713128066514,0.09601396608144738
unseen_confirmatory,person_in_list,later_middle_19_21,2,0.013477438032020663,0.1861198153346777
unseen_confirmatory,person_in_list,later_middle_19_21,3,0.016959589245447586,0.6560880231649376
unseen_confirmatory,person_in_list,later_middle_19_21,4,0.006088556285925903,0.15925267217464226
unseen_confirmatory,person_in_list,later_middle_19_21,5,0.003999518531071412,0.1425773474106262
unseen_confirmatory,person_in_list,later_middle_19_21,6,0.004281006574760689,0.11835874749217616
unseen_confirmatory,person_in_list,later_middle_19_21,7,0.000979091577857278,0.07299602398822128
unseen_confirmatory,person_in_list,later_middle_19_21,8,0.003996268111053681,0.46816216877033545
unseen_confirmatory,person_in_list,later_middle_19_21,9,0.0043938972819379946,0.4978952807222688
unseen_confirmatory,person_in_list,later_middle_19_21,10,0.004861208943238612,0.8807983429625977
unseen_confirmatory,person_in_list,later_middle_19_21,11,0.0018409175025353337,0.12976335794773214
unseen_confirmatory,person_in_list,later_middle_19_21,12,0.0021351180560507835,0.10933621600270271
unseen_confirmatory,person_in_list,later_middle_19_21,13,0.001873429983090826,0.11702614463865757
unseen_confirmatory,person_in_list,later_middle_19_21,14,0.0046019553393667,0.3179290212344292
unseen_confirmatory,person_in_list,later_middle_19_21,15,0.0020215156526023218,0.1291872886291077
unseen_confirmatory,person_in_list,later_middle_19_21,16,0.0041153913547913,0.7047194672185321
unseen_confirmatory,person_in_list,later_middle_19_21,17,0.008482101939207072,0.7369264911773593
unseen_confirmatory,person_in_list,later_middle_19_21,18,0.010211336756731535,1.1434316818797312
unseen_confirmatory,person_in_list,later_middle_19_21,19,0.01364729655256798,1.5072417685458825
unseen_confirmatory,person_in_list,later_middle_19_21,20,0.016943647482887257,1.4748460477174714
unseen_confirmatory,person_in_list,later_middle_19_21,21,0.04754005453744253,5.93508212649545
unseen_confirmatory,person_in_list,later_middle_19_21,22,0.018223648517240964,2.4384676446748332
unseen_confirmatory,person_in_list,later_middle_19_21,23,0.04984828763706393,10.484603546386541
unseen_confirmatory,person_in_list,later_middle_19_21,24,0.07937332368347534,21.368407593217007
unseen_confirmatory,person_in_list,later_middle_19_21,25,0.03243184082080112,19.927085737849392
unseen_confirmatory,person_in_list,later_middle_19_21,26,0.05011504700104164,17.55709394743276
unseen_confirmatory,person_in_list,later_middle_19_21,27,0.040351172259380653,17.78482922149259
unseen_confirmatory,person_in_list,later_middle_19_21,28,0.04897464522658739,26.406179960383927
unseen_confirmatory,person_in_list,later_middle_19_21,29,0.06835294406601163,47.88805835191594
unseen_confirmatory,person_in_list,later_middle_19_21,30,0.034484659159166174,36.57817069874253
unseen_confirmatory,person_in_list,later_middle_19_21,31,0.0761215514395126,74.97591921340587
unseen_confirmatory,person_in_list,later_middle_19_21,32,0.04653315800567006,98.52641196583592
unseen_confirmatory,person_in_list,later_middle_19_21,33,0.07568399967669054,107.96047246178915
unseen_confirmatory,person_in_list,later_middle_19_21,34,0.04155242210254073,86.98460490204567
unseen_confirmatory,person_in_list,later_middle_19_21,35,0.013385144563196876,7.372446711673293
unseen_confirmatory,person_in_list,sparse_union,0,0.0091523805248746,0.13498519642581774
unseen_confirmatory,person_in_list,sparse_union,1,0.006721713128066514,0.09601396608144738
unseen_confirmatory,person_in_list,sparse_union,2,0.013477438032020663,0.1861198153346777
unseen_confirmatory,person_in_list,sparse_union,3,0.016959589245447586,0.6560880231649376
unseen_confirmatory,person_in_list,sparse_union,4,0.006088556285925903,0.15925267217464226
unseen_confirmatory,person_in_list,sparse_union,5,0.003999518531071412,0.1425773474106262
unseen_confirmatory,person_in_list,sparse_union,6,0.004305825093598646,0.11903106958367103
unseen_confirmatory,person_in_list,sparse_union,7,0.0009734815258673544,0.07217556309648031
unseen_confirmatory,person_in_list,sparse_union,8,0.003939324688047257,0.4619160372503968
unseen_confirmatory,person_in_list,sparse_union,9,0.00425030647094773,0.4804890645278055
unseen_confirmatory,person_in_list,sparse_union,10,0.004736764912850895,0.8573527956424758
unseen_confirmatory,person_in_list,sparse_union,11,0.0017712691570036547,0.12402738834363083
unseen_confirmatory,person_in_list,sparse_union,12,0.002062159970803403,0.10531076286421266
unseen_confirmatory,person_in_list,sparse_union,13,0.001839192220697526,0.11516220668374105
unseen_confirmatory,person_in_list,sparse_union,14,0.0045144611436245576,0.30780299016556073
unseen_confirmatory,person_in_list,sparse_union,15,0.0020124804002481923,0.12869612716658171
unseen_confirmatory,person_in_list,sparse_union,16,0.003918446665413158,0.6697891212480013
unseen_confirmatory,person_in_list,sparse_union,17,0.00740238954854566,0.6375014946557754
unseen_confirmatory,person_in_list,sparse_union,18,0.01007387575119474,1.1687098006869472
unseen_confirmatory,person_in_list,sparse_union,19,0.013594412445199005,1.4697909680909889
unseen_confirmatory,person_in_list,sparse_union,20,0.016324733405612236,1.4000870166129844
unseen_confirmatory,person_in_list,sparse_union,21,0.055352112018438274,6.942629150179929
unseen_confirmatory,person_in_list,sparse_union,22,0.019129186847008938,2.5958426677903463
unseen_confirmatory,person_in_list,sparse_union,23,0.07513673787633347,17.18173797740493
unseen_confirmatory,person_in_list,sparse_union,24,0.10654447442137224,28.300928803377374
unseen_confirmatory,person_in_list,sparse_union,25,0.037277129716997925,25.329975277878518
unseen_confirmatory,person_in_list,sparse_union,26,0.05775608092026655,21.622950953106546
unseen_confirmatory,person_in_list,sparse_union,27,0.046267600221082915,20.606657482856928
unseen_confirmatory,person_in_list,sparse_union,28,0.06744331526461729,38.680053245189576
unseen_confirmatory,person_in_list,sparse_union,29,0.07415964268147945,54.84721689446028
unseen_confirmatory,person_in_list,sparse_union,30,0.0356582005963076,37.51267701526021
unseen_confirmatory,person_in_list,sparse_union,31,0.08335551732154779,84.37037401421125
unseen_confirmatory,person_in_list,sparse_union,32,0.04833471639688278,104.52481473878373
unseen_confirmatory,person_in_list,sparse_union,33,0.07938393985116204,115.74542768611464
unseen_confirmatory,person_in_list,sparse_union,34,0.04171199328807551,87.06638850722202
unseen_confirmatory,person_in_list,sparse_union,35,0.012662257880059093,6.953677964764972
unseen_confirmatory,person_in_list,late_negative_30_32,0,0.0091523805248746,0.13498519642581774
unseen_confirmatory,person_in_list,late_negative_30_32,1,0.006721713128066514,0.09601396608144738
unseen_confirmatory,person_in_list,late_negative_30_32,2,0.013477438032020663,0.1861198153346777
unseen_confirmatory,person_in_list,late_negative_30_32,3,0.016959589245447586,0.6560880231649376
unseen_confirmatory,person_in_list,late_negative_30_32,4,0.006088556285925903,0.15925267217464226
unseen_confirmatory,person_in_list,late_negative_30_32,5,0.003999518531071412,0.1425773474106262
unseen_confirmatory,person_in_list,late_negative_30_32,6,0.004281006574760689,0.11835874749217616
unseen_confirmatory,person_in_list,late_negative_30_32,7,0.000979091577857278,0.07299602398822128
unseen_confirmatory,person_in_list,late_negative_30_32,8,0.003996268111053681,0.46816216877033545
unseen_confirmatory,person_in_list,late_negative_30_32,9,0.0043938972819379946,0.4978952807222688
unseen_confirmatory,person_in_list,late_negative_30_32,10,0.004861208943238612,0.8807983429625977
unseen_confirmatory,person_in_list,late_negative_30_32,11,0.0018409175025353337,0.12976335794773214
unseen_confirmatory,person_in_list,late_negative_30_32,12,0.0021351180560507835,0.10933621600270271
unseen_confirmatory,person_in_list,late_negative_30_32,13,0.001873429983090826,0.11702614463865757
unseen_confirmatory,person_in_list,late_negative_30_32,14,0.0046019553393667,0.3179290212344292
unseen_confirmatory,person_in_list,late_negative_30_32,15,0.0020215156526023218,0.1291872886291077
unseen_confirmatory,person_in_list,late_negative_30_32,16,0.0041153913547913,0.7047194672185321
unseen_confirmatory,person_in_list,late_negative_30_32,17,0.008482101939207072,0.7369264911773593
unseen_confirmatory,person_in_list,late_negative_30_32,18,0.010211336756731535,1.1434316818797312
unseen_confirmatory,person_in_list,late_negative_30_32,19,0.01364729655256798,1.5072417685458825
unseen_confirmatory,person_in_list,late_negative_30_32,20,0.017870772722025596,1.5883846885936206
unseen_confirmatory,person_in_list,late_negative_30_32,21,0.050206809412947924,6.3908922755441
unseen_confirmatory,person_in_list,late_negative_30_32,22,0.017032177279551707,2.2678883138091064
unseen_confirmatory,person_in_list,late_negative_30_32,23,0.02757309194177736,5.1933506103449085
unseen_confirmatory,person_in_list,late_negative_30_32,24,0.04758651091089083,10.642713100411171
unseen_confirmatory,person_in_list,late_negative_30_32,25,0.02085810272716159,8.64493639524593
unseen_confirmatory,person_in_list,late_negative_30_32,26,0.04016772318674728,14.068953270135923
unseen_confirmatory,person_in_list,late_negative_30_32,27,0.03261995638265859,15.1079206369644
unseen_confirmatory,person_in_list,late_negative_30_32,28,0.028428452500943526,13.554261124411294
unseen_confirmatory,person_in_list,late_negative_30_32,29,0.05227756205686303,35.74789619445801
unseen_confirmatory,person_in_list,late_negative_30_32,30,0.02932716646166735,31.968180889307067
unseen_confirmatory,person_in_list,late_negative_30_32,31,0.06107431006899407,60.72302432392919
unseen_confirmatory,person_in_list,late_negative_30_32,32,0.03915415212598651,85.13064297964407
unseen_confirmatory,person_in_list,late_negative_30_32,33,0.06253264350600021,90.9860619833303
unseen_confirmatory,person_in_list,late_negative_30_32,34,0.03557954774086559,78.20727922750073
unseen_confirmatory,person_in_list,late_negative_30_32,35,0.013365176360144518,7.364562633425691
unseen_confirmatory,friend,clean,0,0.008790382977336818,0.11681310208730919
unseen_confirmatory,friend,clean,1,0.009268798578400598,0.12049307054731735
unseen_confirmatory,friend,clean,2,0.016016389665648688,0.27798864886511204
unseen_confirmatory,friend,clean,3,0.012640806553928657,0.550484704590121
unseen_confirmatory,friend,clean,4,0.014279007640948822,0.4480336360460104
unseen_confirmatory,friend,clean,5,0.004124156973692913,0.16478789363836133
unseen_confirmatory,friend,clean,6,0.010082249253511776,0.33406717451505885
unseen_confirmatory,friend,clean,7,0.0015459395843547183,0.08037686083725719
unseen_confirmatory,friend,clean,8,0.002523018201531539,0.20273563932887342
unseen_confirmatory,friend,clean,9,0.0033317577732770247,0.2356834162979625
unseen_confirmatory,friend,clean,10,0.004483357299292503,0.45499485783105675
unseen_confirmatory,friend,clean,11,0.0020684242718257443,0.09864741169609302
unseen_confirmatory,friend,clean,12,0.0022159230422910824,0.15266757051265517
unseen_confirmatory,friend,clean,13,0.003097756592513517,0.1456024318413679
unseen_confirmatory,friend,clean,14,0.004293790527045467,0.22622075061811958
unseen_confirmatory,friend,clean,15,0.003159266204822289,0.15652384232123231
unseen_confirmatory,friend,clean,16,0.0030580874380850514,0.16292967513030351
unseen_confirmatory,friend,clean,17,0.007207020181826814,0.3517355348828227
unseen_confirmatory,friend,clean,18,0.011589970645429782,0.6710686974747236
unseen_confirmatory,friend,clean,19,0.010576601096883763,0.8381523174601931
unseen_confirmatory,friend,clean,20,0.027001287604054045,1.8655865261721056
unseen_confirmatory,friend,clean,21,0.09715182602752087,12.033089715381001
unseen_confirmatory,friend,clean,22,0.021582993624601945,2.6453337433726287
unseen_confirmatory,friend,clean,23,0.10291255889243858,23.577246688133062
unseen_confirmatory,friend,clean,24,0.09130506247801837,25.49294136845788
unseen_confirmatory,friend,clean,25,0.02546199092771425,15.995056168977605
unseen_confirmatory,friend,clean,26,0.045844679373468075,17.86885814334071
unseen_confirmatory,friend,clean,27,0.03680557508541401,12.085384876229043
unseen_confirmatory,friend,clean,28,0.075773042171847,43.93417970524278
unseen_confirmatory,friend,clean,29,0.0833092580094587,59.175756942394166
unseen_confirmatory,friend,clean,30,0.03487785178951399,42.10437916600427
unseen_confirmatory,friend,clean,31,0.09354556837054186,97.59568542657897
unseen_confirmatory,friend,clean,32,0.0470501916201482,100.50343707550404
unseen_confirmatory,friend,clean,33,0.08744439383059047,123.5898530206015
unseen_confirmatory,friend,clean,34,0.04591075571383848,103.19374142136685
unseen_confirmatory,friend,clean,35,0.011459439781732684,6.752799175506414
unseen_confirmatory,friend,full_intermediate_bottleneck,0,0.008790382977336818,0.11681310208730919
unseen_confirmatory,friend,full_intermediate_bottleneck,1,0.00941097380073611,0.12310438343258791
unseen_confirmatory,friend,full_intermediate_bottleneck,2,0.016292059111820405,0.2958881025917308
unseen_confirmatory,friend,full_intermediate_bottleneck,3,0.01386710174576661,0.6288181593598321
unseen_confirmatory,friend,full_intermediate_bottleneck,4,0.013882135593354009,0.40791441569494646
unseen_confirmatory,friend,full_intermediate_bottleneck,5,0.00486951274526587,0.21886858344078064
unseen_confirmatory,friend,full_intermediate_bottleneck,6,0.01043089756980365,0.34729450611874113
unseen_confirmatory,friend,full_intermediate_bottleneck,7,0.0017137664808826738,0.09691900720949782
unseen_confirmatory,friend,full_intermediate_bottleneck,8,0.0028439223858376227,0.2366821702656358
unseen_confirmatory,friend,full_intermediate_bottleneck,9,0.003729501293788036,0.27400802881565206
unseen_confirmatory,friend,full_intermediate_bottleneck,10,0.004740735521366776,0.4772296625860902
unseen_confirmatory,friend,full_intermediate_bottleneck,11,0.002435243090879995,0.11958683472733166
unseen_confirmatory,friend,full_intermediate_bottleneck,12,0.002776676988591938,0.19286993197923483
unseen_confirmatory,friend,full_intermediate_bottleneck,13,0.0037266743169057856,0.17425671297796938
unseen_confirmatory,friend,full_intermediate_bottleneck,14,0.00547953124894479,0.2960699940490168
unseen_confirmatory,friend,full_intermediate_bottleneck,15,0.0037534459843300283,0.18342652427422446
unseen_confirmatory,friend,full_intermediate_bottleneck,16,0.003977464379331227,0.2139876905915349
unseen_confirmatory,friend,full_intermediate_bottleneck,17,0.010157000259929445,0.5470767030709012
unseen_confirmatory,friend,full_intermediate_bottleneck,18,0.01700205158247331,0.9906577901091687
unseen_confirmatory,friend,full_intermediate_bottleneck,19,0.014652388625193474,1.1141075273585874
unseen_confirmatory,friend,full_intermediate_bottleneck,20,0.03227926528644423,2.0802193200865458
unseen_confirmatory,friend,full_intermediate_bottleneck,21,0.08312032257509959,9.523163098235463
unseen_confirmatory,friend,full_intermediate_bottleneck,22,0.031154615306403746,4.243026904588522
unseen_confirmatory,friend,full_intermediate_bottleneck,23,0.07383897364529413,13.7657350440358
unseen_confirmatory,friend,full_intermediate_bottleneck,24,0.10640470807029065,30.97038421519967
unseen_confirmatory,friend,full_intermediate_bottleneck,25,0.03379862937469815,12.08333913392799
unseen_confirmatory,friend,full_intermediate_bottleneck,26,0.07452657583797741,44.34162078347317
unseen_confirmatory,friend,full_intermediate_bottleneck,27,0.041793434501647256,18.14873542896537
unseen_confirmatory,friend,full_intermediate_bottleneck,28,0.04946210228859685,19.72887049164883
unseen_confirmatory,friend,full_intermediate_bottleneck,29,0.0729229072931894,52.0058466445568
unseen_confirmatory,friend,full_intermediate_bottleneck,30,0.02572600565699124,27.188953391341276
unseen_confirmatory,friend,full_intermediate_bottleneck,31,0.05545931465403978,51.17097158210222
unseen_confirmatory,friend,full_intermediate_bottleneck,32,0.026869670639550963,40.37391004451486
unseen_confirmatory,friend,full_intermediate_bottleneck,33,0.05244088450143503,68.2132901923601
unseen_confirmatory,friend,full_intermediate_bottleneck,34,0.03135835176853593,59.10875795053881
unseen_confirmatory,friend,full_intermediate_bottleneck,35,0.017971779084439542,11.28944429963134
unseen_confirmatory,friend,early_5_7,0,0.008790382977336818,0.11681310208730919
unseen_confirmatory,friend,early_5_7,1,0.00941097380073611,0.12310438343258791
unseen_confirmatory,friend,early_5_7,2,0.016292059111820405,0.2958881025917308
unseen_confirmatory,friend,early_5_7,3,0.01386710174576661,0.6288181593598321
unseen_confirmatory,friend,early_5_7,4,0.013882135593354009,0.40791441569494646
unseen_confirmatory,friend,early_5_7,5,0.00486951274526587,0.21886858344078064
unseen_confirmatory,friend,early_5_7,6,0.01053481005933569,0.3523096858068954
unseen_confirmatory,friend,early_5_7,7,0.0016832186523716636,0.09473205821285414
unseen_confirmatory,friend,early_5_7,8,0.002689285634280464,0.22185810560057329
unseen_confirmatory,friend,early_5_7,9,0.003555054261977243,0.25317903443477874
unseen_confirmatory,friend,early_5_7,10,0.00463023598760713,0.46420999668365304
unseen_confirmatory,friend,early_5_7,11,0.0022408148777389595,0.10783173481738845
unseen_confirmatory,friend,early_5_7,12,0.0023260267998286804,0.1522402209771234
unseen_confirmatory,friend,early_5_7,13,0.003410759024581937,0.16093109634726546
unseen_confirmatory,friend,early_5_7,14,0.004759304971315053,0.25133453812017
unseen_confirmatory,friend,early_5_7,15,0.003494879346595384,0.1731181348305802
unseen_confirmatory,friend,early_5_7,16,0.00359443990584073,0.19333417765622915
unseen_confirmatory,friend,early_5_7,17,0.00846682795929874,0.42779427792790325
unseen_confirmatory,friend,early_5_7,18,0.014521905226459684,0.8356029893769774
unseen_confirmatory,friend,early_5_7,19,0.012605807863089234,0.970836769356284
unseen_confirmatory,friend,early_5_7,20,0.03089030105404036,2.043491076591403
unseen_confirmatory,friend,early_5_7,21,0.08626530228485894,10.104767407095709
unseen_confirmatory,friend,early_5_7,22,0.025779649772313097,3.564423897931742
unseen_confirmatory,friend,early_5_7,23,0.09851208030311175,20.666194682897522
unseen_confirmatory,friend,early_5_7,24,0.08636796682379967,22.260553226914517
unseen_confirmatory,friend,early_5_7,25,0.023609829151483123,9.715665345968203
unseen_confirmatory,friend,early_5_7,26,0.05064372311151305,24.233022368231484
unseen_confirmatory,friend,early_5_7,27,0.03782811374295243,12.99109573142473
unseen_confirmatory,friend,early_5_7,28,0.060879441931150684,30.901684982832087
unseen_confirmatory,friend,early_5_7,29,0.0874779825207106,54.04288083453511
unseen_confirmatory,friend,early_5_7,30,0.0368280912381272,44.28731035631756
unseen_confirmatory,friend,early_5_7,31,0.09181596091840157,89.03469023593637
unseen_confirmatory,friend,early_5_7,32,0.04509991227627494,85.17735966970754
unseen_confirmatory,friend,early_5_7,33,0.08092270756876746,108.11135992892953
unseen_confirmatory,friend,early_5_7,34,0.04371472859625206,91.62177635902582
unseen_confirmatory,friend,early_5_7,35,0.01682789544141743,11.819196299064991
unseen_confirmatory,friend,middle_12_14,0,0.008790382977336818,0.11681310208730919
unseen_confirmatory,friend,middle_12_14,1,0.00941097380073611,0.12310438343258791
unseen_confirmatory,friend,middle_12_14,2,0.016292059111820405,0.2958881025917308
unseen_confirmatory,friend,middle_12_14,3,0.01386710174576661,0.6288181593598321
unseen_confirmatory,friend,middle_12_14,4,0.013882135593354009,0.40791441569494646
unseen_confirmatory,friend,middle_12_14,5,0.00486951274526587,0.21886858344078064
unseen_confirmatory,friend,middle_12_14,6,0.01043089756980365,0.34729450611874113
unseen_confirmatory,friend,middle_12_14,7,0.0017137664808826738,0.09691900720949782
unseen_confirmatory,friend,middle_12_14,8,0.0028439223858376227,0.2366821702656358
unseen_confirmatory,friend,middle_12_14,9,0.003729501293788036,0.27400802881565206
unseen_confirmatory,friend,middle_12_14,10,0.004740735521366776,0.4772296625860902
unseen_confirmatory,friend,middle_12_14,11,0.002435243090879995,0.11958683472733166
unseen_confirmatory,friend,middle_12_14,12,0.002776676988591938,0.19286993197923483
unseen_confirmatory,friend,middle_12_14,13,0.003724109989233575,0.17410968469325885
unseen_confirmatory,friend,middle_12_14,14,0.005469785407618727,0.29599645811804504
unseen_confirmatory,friend,middle_12_14,15,0.003706913167978962,0.1812168103751055
unseen_confirmatory,friend,middle_12_14,16,0.003805554929449288,0.20325014696911323
unseen_confirmatory,friend,middle_12_14,17,0.009832816452957516,0.5361766040671704
unseen_confirmatory,friend,middle_12_14,18,0.016615156030152425,0.9867628854374553
unseen_confirmatory,friend,middle_12_14,19,0.014637188807259812,1.1226699775041535
unseen_confirmatory,friend,middle_12_14,20,0.034536967530500055,2.205903688142466
unseen_confirmatory,friend,middle_12_14,21,0.09437046142641542,10.583055174627969
unseen_confirmatory,friend,middle_12_14,22,0.031346318008768005,4.218494196270788
unseen_confirmatory,friend,middle_12_14,23,0.08691886886087961,16.90923750123312
unseen_confirmatory,friend,middle_12_14,24,0.10940349002390407,31.1766045592552
unseen_confirmatory,friend,middle_12_14,25,0.03317221039689557,13.990793588549591
unseen_confirmatory,friend,middle_12_14,26,0.06609907958569915,35.56870425024698
unseen_confirmatory,friend,middle_12_14,27,0.04188650974267444,15.73246401964232
unseen_confirmatory,friend,middle_12_14,28,0.06225381234963966,28.957079299660617
unseen_confirmatory,friend,middle_12_14,29,0.08418522983096367,53.600650698639626
unseen_confirmatory,friend,middle_12_14,30,0.033676135142572054,37.71723059720771
unseen_confirmatory,friend,middle_12_14,31,0.07521024931135566,71.62728336245515
unseen_confirmatory,friend,middle_12_14,32,0.036039176424098915,61.88537273850552
unseen_confirmatory,friend,middle_12_14,33,0.06821309428575427,89.91527597294298
unseen_confirmatory,friend,middle_12_14,34,0.03966345592553532,76.51403917268266
unseen_confirmatory,friend,middle_12_14,35,0.019223641755795755,13.957598095716433
unseen_confirmatory,friend,later_middle_19_21,0,0.008790382977336818,0.11681310208730919
unseen_confirmatory,friend,later_middle_19_21,1,0.00941097380073611,0.12310438343258791
unseen_confirmatory,friend,later_middle_19_21,2,0.016292059111820405,0.2958881025917308
unseen_confirmatory,friend,later_middle_19_21,3,0.01386710174576661,0.6288181593598321
unseen_confirmatory,friend,later_middle_19_21,4,0.013882135593354009,0.40791441569494646
unseen_confirmatory,friend,later_middle_19_21,5,0.00486951274526587,0.21886858344078064
unseen_confirmatory,friend,later_middle_19_21,6,0.01043089756980365,0.34729450611874113
unseen_confirmatory,friend,later_middle_19_21,7,0.0017137664808826738,0.09691900720949782
unseen_confirmatory,friend,later_middle_19_21,8,0.0028439223858376227,0.2366821702656358
unseen_confirmatory,friend,later_middle_19_21,9,0.003729501293788036,0.27400802881565206
unseen_confirmatory,friend,later_middle_19_21,10,0.004740735521366776,0.4772296625860902
unseen_confirmatory,friend,later_middle_19_21,11,0.002435243090879995,0.11958683472733166
unseen_confirmatory,friend,later_middle_19_21,12,0.002776676988591938,0.19286993197923483
unseen_confirmatory,friend,later_middle_19_21,13,0.0037266743169057856,0.17425671297796938
unseen_confirmatory,friend,later_middle_19_21,14,0.00547953124894479,0.2960699940490168
unseen_confirmatory,friend,later_middle_19_21,15,0.0037534459843300283,0.18342652427422446
unseen_confirmatory,friend,later_middle_19_21,16,0.003977464379331227,0.2139876905915349
unseen_confirmatory,friend,later_middle_19_21,17,0.010157000259929445,0.5470767030709012
unseen_confirmatory,friend,later_middle_19_21,18,0.01700205158247331,0.9906577901091687
unseen_confirmatory,friend,later_middle_19_21,19,0.014652388625193474,1.1141075273585874
unseen_confirmatory,friend,later_middle_19_21,20,0.03178804130618309,2.049927933271541
unseen_confirmatory,friend,later_middle_19_21,21,0.08346219613151841,9.419148593447929
unseen_confirmatory,friend,later_middle_19_21,22,0.03126307077662543,4.253050852653592
unseen_confirmatory,friend,later_middle_19_21,23,0.08772379467480404,16.64721446259077
unseen_confirmatory,friend,later_middle_19_21,24,0.11255929705708526,31.95172231141911
unseen_confirmatory,friend,later_middle_19_21,25,0.034931038273498416,13.04152477064798
unseen_confirmatory,friend,later_middle_19_21,26,0.07401437586346685,42.51430525336155
unseen_confirmatory,friend,later_middle_19_21,27,0.04159951569555804,17.034331266270126
unseen_confirmatory,friend,later_middle_19_21,28,0.056675072824365874,23.87788332894791
unseen_confirmatory,friend,later_middle_19_21,29,0.07768255524164022,52.907142572624736
unseen_confirmatory,friend,later_middle_19_21,30,0.027948287413130667,29.623947326527084
unseen_confirmatory,friend,later_middle_19_21,31,0.06321452183345723,58.451604865318124
unseen_confirmatory,friend,later_middle_19_21,32,0.030308201086035994,47.03363487332366
unseen_confirmatory,friend,later_middle_19_21,33,0.05923084141469972,76.40719240765239
unseen_confirmatory,friend,later_middle_19_21,34,0.03533431175056585,65.6096097147742
unseen_confirmatory,friend,later_middle_19_21,35,0.018205905582235997,12.046642686045447
unseen_confirmatory,friend,sparse_union,0,0.008790382977336818,0.11681310208730919
unseen_confirmatory,friend,sparse_union,1,0.00941097380073611,0.12310438343258791
unseen_confirmatory,friend,sparse_union,2,0.016292059111820405,0.2958881025917308
unseen_confirmatory,friend,sparse_union,3,0.01386710174576661,0.6288181593598321
unseen_confirmatory,friend,sparse_union,4,0.013882135593354009,0.40791441569494646
unseen_confirmatory,friend,sparse_union,5,0.00486951274526587,0.21886858344078064
unseen_confirmatory,friend,sparse_union,6,0.01053481005933569,0.3523096858068954
unseen_confirmatory,friend,sparse_union,7,0.0016832186523716636,0.09473205821285414
unseen_confirmatory,friend,sparse_union,8,0.002689285634280464,0.22185810560057329
unseen_confirmatory,friend,sparse_union,9,0.003555054261977243,0.25317903443477874
unseen_confirmatory,friend,sparse_union,10,0.00463023598760713,0.46420999668365304
unseen_confirmatory,friend,sparse_union,11,0.0022408148777389595,0.10783173481738845
unseen_confirmatory,friend,sparse_union,12,0.0023260267998286804,0.1522402209771234
unseen_confirmatory,friend,sparse_union,13,0.0034065141686411616,0.16064968557898388
unseen_confirmatory,friend,sparse_union,14,0.00473190670112841,0.24937156908387362
unseen_confirmatory,friend,sparse_union,15,0.0034301603994018205,0.16941923847378687
unseen_confirmatory,friend,sparse_union,16,0.0034781267391355316,0.18606816717358524
unseen_confirmatory,friend,sparse_union,17,0.00817280056545251,0.4133793188388957
unseen_confirmatory,friend,sparse_union,18,0.013862846649338513,0.805742775978044
unseen_confirmatory,friend,sparse_union,19,0.012399233596096204,0.9573233335517174
unseen_confirmatory,friend,sparse_union,20,0.03169957853767068,2.0989001809164534
unseen_confirmatory,friend,sparse_union,21,0.09742332751277921,11.227479017058084
unseen_confirmatory,friend,sparse_union,22,0.02606151953642798,3.470875086479409
unseen_confirmatory,friend,sparse_union,23,0.12713494125840274,26.49712562561035
unseen_confirmatory,friend,sparse_union,24,0.09725912222855312,23.0972039865893
unseen_confirmatory,friend,sparse_union,25,0.025339915395476097,12.06431988782661
unseen_confirmatory,friend,sparse_union,26,0.052821242358795435,22.245049986728404
unseen_confirmatory,friend,sparse_union,27,0.04242551284517313,13.957538771074871
unseen_confirmatory,friend,sparse_union,28,0.07838351647694443,40.820951838826026
unseen_confirmatory,friend,sparse_union,29,0.09337640809285086,59.07018235672352
unseen_confirmatory,friend,sparse_union,30,0.040263360247102586,48.27367714948432
unseen_confirmatory,friend,sparse_union,31,0.11988876257524934,112.28712747263354
unseen_confirmatory,friend,sparse_union,32,0.0547507347235846,102.51082788511764
unseen_confirmatory,friend,sparse_union,33,0.09835625041362851,126.33864895133085
unseen_confirmatory,friend,sparse_union,34,0.05445353279626647,109.55128536667935
unseen_confirmatory,friend,sparse_union,35,0.014997692093751284,9.881038809931555
unseen_confirmatory,friend,late_negative_30_32,0,0.008790382977336818,0.11681310208730919
unseen_confirmatory,friend,late_negative_30_32,1,0.00941097380073611,0.12310438343258791
unseen_confirmatory,friend,late_negative_30_32,2,0.016292059111820405,0.2958881025917308
unseen_confirmatory,friend,late_negative_30_32,3,0.01386710174576661,0.6288181593598321
unseen_confirmatory,friend,late_negative_30_32,4,0.013882135593354009,0.40791441569494646
unseen_confirmatory,friend,late_negative_30_32,5,0.00486951274526587,0.21886858344078064
unseen_confirmatory,friend,late_negative_30_32,6,0.01043089756980365,0.34729450611874113
unseen_confirmatory,friend,late_negative_30_32,7,0.0017137664808826738,0.09691900720949782
unseen_confirmatory,friend,late_negative_30_32,8,0.0028439223858376227,0.2366821702656358
unseen_confirmatory,friend,late_negative_30_32,9,0.003729501293788036,0.27400802881565206
unseen_confirmatory,friend,late_negative_30_32,10,0.004740735521366776,0.4772296625860902
unseen_confirmatory,friend,late_negative_30_32,11,0.002435243090879995,0.11958683472733166
unseen_confirmatory,friend,late_negative_30_32,12,0.002776676988591938,0.19286993197923483
unseen_confirmatory,friend,late_negative_30_32,13,0.0037266743169057856,0.17425671297796938
unseen_confirmatory,friend,late_negative_30_32,14,0.00547953124894479,0.2960699940490168
unseen_confirmatory,friend,late_negative_30_32,15,0.0037534459843300283,0.18342652427422446
unseen_confirmatory,friend,late_negative_30_32,16,0.003977464379331227,0.2139876905915349
unseen_confirmatory,friend,late_negative_30_32,17,0.010157000259929445,0.5470767030709012
unseen_confirmatory,friend,late_negative_30_32,18,0.01700205158247331,0.9906577901091687
unseen_confirmatory,friend,late_negative_30_32,19,0.014652388625193474,1.1141075273585874
unseen_confirmatory,friend,late_negative_30_32,20,0.03227926528644423,2.0802193200865458
unseen_confirmatory,friend,late_negative_30_32,21,0.08312032257509959,9.523163098235463
unseen_confirmatory,friend,late_negative_30_32,22,0.031154615306403746,4.243026904588522
unseen_confirmatory,friend,late_negative_30_32,23,0.07383897364529413,13.7657350440358
unseen_confirmatory,friend,late_negative_30_32,24,0.10640470807029065,30.97038421519967
unseen_confirmatory,friend,late_negative_30_32,25,0.03379862937469815,12.08333913392799
unseen_confirmatory,friend,late_negative_30_32,26,0.07452657583797741,44.34162078347317
unseen_confirmatory,friend,late_negative_30_32,27,0.041793434501647256,18.14873542896537
unseen_confirmatory,friend,late_negative_30_32,28,0.04946210228859685,19.72887049164883
unseen_confirmatory,friend,late_negative_30_32,29,0.0729229072931894,52.0058466445568
unseen_confirmatory,friend,late_negative_30_32,30,0.02572600565699124,27.188953391341276
unseen_confirmatory,friend,late_negative_30_32,31,0.05526725861222245,50.996129745660824
unseen_confirmatory,friend,late_negative_30_32,32,0.026877865574300983,40.44483685493469
unseen_confirmatory,friend,late_negative_30_32,33,0.0522524559177285,68.00375401696493
unseen_confirmatory,friend,late_negative_30_32,34,0.031114287501157717,58.723192436750544
unseen_confirmatory,friend,late_negative_30_32,35,0.01767606725970413,10.97022604665091
unseen_confirmatory,visitor_register,clean,0,0.01048178089306105,0.13038845035399116
unseen_confirmatory,visitor_register,clean,1,0.005183317146242358,0.07264705049956954
unseen_confirmatory,visitor_register,clean,2,0.008515855021298278,0.11111427856565909
unseen_confirmatory,visitor_register,clean,3,0.013450232025799017,0.659083962093952
unseen_confirmatory,visitor_register,clean,4,0.0044587605854842895,0.1522062844921683
unseen_confirmatory,visitor_register,clean,5,0.0024440528981950742,0.10518315651042517
unseen_confirmatory,visitor_register,clean,6,0.0036094997181058967,0.1201376665470212
unseen_confirmatory,visitor_register,clean,7,0.0009333913212474219,0.06420842861366827
unseen_confirmatory,visitor_register,clean,8,0.0016109303823065792,0.13177859423638777
unseen_confirmatory,visitor_register,clean,9,0.0028535137507999533,0.3278783736533897
unseen_confirmatory,visitor_register,clean,10,0.0036676145134342097,0.47177630940148996
unseen_confirmatory,visitor_register,clean,11,0.0013338690721781837,0.08531480057294978
unseen_confirmatory,visitor_register,clean,12,0.001000859243335029,0.09369451385857754
unseen_confirmatory,visitor_register,clean,13,0.001601195613972756,0.09056534570490204
unseen_confirmatory,visitor_register,clean,14,0.002727678298766097,0.15924470291234727
unseen_confirmatory,visitor_register,clean,15,0.0016204786316361712,0.10485442818770575
unseen_confirmatory,visitor_register,clean,16,0.0028827031614085618,0.21147123343029686
unseen_confirmatory,visitor_register,clean,17,0.009165578567812782,0.5472537708836932
unseen_confirmatory,visitor_register,clean,18,0.011326411481795097,0.9352739110242488
unseen_confirmatory,visitor_register,clean,19,0.01373718097416121,1.1543407807516497
unseen_confirmatory,visitor_register,clean,20,0.05001118235549955,4.676492289055226
unseen_confirmatory,visitor_register,clean,21,0.17109266755192779,17.866452649582264
unseen_confirmatory,visitor_register,clean,22,0.04337330467912347,4.9617697582688445
unseen_confirmatory,visitor_register,clean,23,0.1197266081391379,23.926179863685785
unseen_confirmatory,visitor_register,clean,24,0.13772757212783016,37.72914039256961
unseen_confirmatory,visitor_register,clean,25,0.041379076721103386,24.77498663303464
unseen_confirmatory,visitor_register,clean,26,0.0711373713214037,20.26837209213612
unseen_confirmatory,visitor_register,clean,27,0.057983967973742376,19.860257159831914
unseen_confirmatory,visitor_register,clean,28,0.08707206393050593,45.85564278447351
unseen_confirmatory,visitor_register,clean,29,0.09980088372736476,66.1416428144588
unseen_confirmatory,visitor_register,clean,30,0.0535314520387802,50.253383592117665
unseen_confirmatory,visitor_register,clean,31,0.09832712735027768,97.30273064901662
unseen_confirmatory,visitor_register,clean,32,0.055052146759577265,113.24720577860988
unseen_confirmatory,visitor_register,clean,33,0.0970946598451498,136.18125906655953
unseen_confirmatory,visitor_register,clean,34,0.06075677669845348,113.2909090352613
unseen_confirmatory,visitor_register,clean,35,0.020042841062816077,12.234315622684568
unseen_confirmatory,visitor_register,full_intermediate_bottleneck,0,0.01048178089306105,0.13038845035399116
unseen_confirmatory,visitor_register,full_intermediate_bottleneck,1,0.005215179919655067,0.07337063039804614
unseen_confirmatory,visitor_register,full_intermediate_bottleneck,2,0.008560289674828392,0.10993987200565117
unseen_confirmatory,visitor_register,full_intermediate_bottleneck,3,0.014342698501423001,0.7172615103596864
unseen_confirmatory,visitor_register,full_intermediate_bottleneck,4,0.004990813855709898,0.1676726532710153
unseen_confirmatory,visitor_register,full_intermediate_bottleneck,5,0.002707709076402839,0.12082408316606699
unseen_confirmatory,visitor_register,full_intermediate_bottleneck,6,0.0036179885189698705,0.11795876950545367
unseen_confirmatory,visitor_register,full_intermediate_bottleneck,7,0.0010705570938054818,0.07939633135792128
unseen_confirmatory,visitor_register,full_intermediate_bottleneck,8,0.0017758056421244388,0.14757577455494292
unseen_confirmatory,visitor_register,full_intermediate_bottleneck,9,0.0034420022410665487,0.41824505616759144
unseen_confirmatory,visitor_register,full_intermediate_bottleneck,10,0.003912941888407912,0.5220475245353787
unseen_confirmatory,visitor_register,full_intermediate_bottleneck,11,0.0016051479317464453,0.10983282195534123
unseen_confirmatory,visitor_register,full_intermediate_bottleneck,12,0.0011039161225537184,0.10042355339540991
unseen_confirmatory,visitor_register,full_intermediate_bottleneck,13,0.0018967243018397672,0.10639446510305238
unseen_confirmatory,visitor_register,full_intermediate_bottleneck,14,0.0035890051066269015,0.2112928560480129
unseen_confirmatory,visitor_register,full_intermediate_bottleneck,15,0.0019070571985604719,0.11684987005279508
unseen_confirmatory,visitor_register,full_intermediate_bottleneck,16,0.003769580354686653,0.2792934357773426
unseen_confirmatory,visitor_register,full_intermediate_bottleneck,17,0.011761098599256298,0.7058494929657426
unseen_confirmatory,visitor_register,full_intermediate_bottleneck,18,0.01621229774426929,1.3136597400487855
unseen_confirmatory,visitor_register,full_intermediate_bottleneck,19,0.018028749689069944,1.456614116596621
unseen_confirmatory,visitor_register,full_intermediate_bottleneck,20,0.06763891758787077,5.151614915492923
unseen_confirmatory,visitor_register,full_intermediate_bottleneck,21,0.1581600496415482,16.945115122684214
unseen_confirmatory,visitor_register,full_intermediate_bottleneck,22,0.0531466800372961,6.388032342112342
unseen_confirmatory,visitor_register,full_intermediate_bottleneck,23,0.1430169543208078,25.198424361472906
unseen_confirmatory,visitor_register,full_intermediate_bottleneck,24,0.15104097214549086,34.331078307573186
unseen_confirmatory,visitor_register,full_intermediate_bottleneck,25,0.044612201688767866,22.919968516327614
unseen_confirmatory,visitor_register,full_intermediate_bottleneck,26,0.07841462823887203,25.44252147230991
unseen_confirmatory,visitor_register,full_intermediate_bottleneck,27,0.06557662096307722,24.08574843961139
unseen_confirmatory,visitor_register,full_intermediate_bottleneck,28,0.09158619553890339,45.978255826373434
unseen_confirmatory,visitor_register,full_intermediate_bottleneck,29,0.10730028204446615,67.01320311080578
unseen_confirmatory,visitor_register,full_intermediate_bottleneck,30,0.05906600639397322,52.22683110348014
unseen_confirmatory,visitor_register,full_intermediate_bottleneck,31,0.09670823297008525,92.63639436766158
unseen_confirmatory,visitor_register,full_intermediate_bottleneck,32,0.055430244123779754,108.8047763691392
unseen_confirmatory,visitor_register,full_intermediate_bottleneck,33,0.09706325915663741,130.47750703678574
unseen_confirmatory,visitor_register,full_intermediate_bottleneck,34,0.06921050370519244,109.81604531753895
unseen_confirmatory,visitor_register,full_intermediate_bottleneck,35,0.028338167946352515,19.098904099575307
unseen_confirmatory,visitor_register,early_5_7,0,0.01048178089306105,0.13038845035399116
unseen_confirmatory,visitor_register,early_5_7,1,0.005215179919655067,0.07337063039804614
unseen_confirmatory,visitor_register,early_5_7,2,0.008560289674828392,0.10993987200565117
unseen_confirmatory,visitor_register,early_5_7,3,0.014342698501423001,0.7172615103596864
unseen_confirmatory,visitor_register,early_5_7,4,0.004990813855709898,0.1676726532710153
unseen_confirmatory,visitor_register,early_5_7,5,0.002707709076402839,0.12082408316606699
unseen_confirmatory,visitor_register,early_5_7,6,0.003654543635283792,0.11886387452656447
unseen_confirmatory,visitor_register,early_5_7,7,0.0010471488230693869,0.07685896886382686
unseen_confirmatory,visitor_register,early_5_7,8,0.0017301538596362915,0.14396823327555214
unseen_confirmatory,visitor_register,early_5_7,9,0.0031779262218299474,0.37623156182641204
unseen_confirmatory,visitor_register,early_5_7,10,0.0038259285488599086,0.49497186669776605
unseen_confirmatory,visitor_register,early_5_7,11,0.0015076170012159923,0.09990554521683344
unseen_confirmatory,visitor_register,early_5_7,12,0.0010542575013417707,0.09513149546935808
unseen_confirmatory,visitor_register,early_5_7,13,0.0017486838535893015,0.09832526591801366
unseen_confirmatory,visitor_register,early_5_7,14,0.0033217634786418533,0.19688650237959485
unseen_confirmatory,visitor_register,early_5_7,15,0.001800184021703899,0.11243659885990065
unseen_confirmatory,visitor_register,early_5_7,16,0.0035328555779076767,0.2633500773199769
unseen_confirmatory,visitor_register,early_5_7,17,0.011253855497099806,0.6860320490113524
unseen_confirmatory,visitor_register,early_5_7,18,0.01472892089703575,1.197362435418506
unseen_confirmatory,visitor_register,early_5_7,19,0.01658324845849948,1.367300952589789
unseen_confirmatory,visitor_register,early_5_7,20,0.06358706160600103,4.953786772350933
unseen_confirmatory,visitor_register,early_5_7,21,0.16200491569416467,17.39565452309542
unseen_confirmatory,visitor_register,early_5_7,22,0.054032592536058535,6.419830710388894
unseen_confirmatory,visitor_register,early_5_7,23,0.145768367013959,25.75190169312233
unseen_confirmatory,visitor_register,early_5_7,24,0.153316778152488,34.777360672174495
unseen_confirmatory,visitor_register,early_5_7,25,0.04458858832976846,22.46834630744402
unseen_confirmatory,visitor_register,early_5_7,26,0.07628407121397728,24.276584758314975
unseen_confirmatory,visitor_register,early_5_7,27,0.06450673612917579,23.096438263737877
unseen_confirmatory,visitor_register,early_5_7,28,0.09213966122546861,46.35172067686569
unseen_confirmatory,visitor_register,early_5_7,29,0.10783857315085656,67.33054471570392
unseen_confirmatory,visitor_register,early_5_7,30,0.060076543108321896,52.86157368504724
unseen_confirmatory,visitor_register,early_5_7,31,0.09987583921052688,95.25986281106638
unseen_confirmatory,visitor_register,early_5_7,32,0.05751536255918963,113.038869525111
unseen_confirmatory,visitor_register,early_5_7,33,0.10080845082222029,134.7144651191179
unseen_confirmatory,visitor_register,early_5_7,34,0.07140621122752511,113.6651602456736
unseen_confirmatory,visitor_register,early_5_7,35,0.02840910977575668,19.236754705739575
unseen_confirmatory,visitor_register,middle_12_14,0,0.01048178089306105,0.13038845035399116
unseen_confirmatory,visitor_register,middle_12_14,1,0.005215179919655067,0.07337063039804614
unseen_confirmatory,visitor_register,middle_12_14,2,0.008560289674828392,0.10993987200565117
unseen_confirmatory,visitor_register,middle_12_14,3,0.014342698501423001,0.7172615103596864
unseen_confirmatory,visitor_register,middle_12_14,4,0.004990813855709898,0.1676726532710153
unseen_confirmatory,visitor_register,middle_12_14,5,0.002707709076402839,0.12082408316606699
unseen_confirmatory,visitor_register,middle_12_14,6,0.0036179885189698705,0.11795876950545367
unseen_confirmatory,visitor_register,middle_12_14,7,0.0010705570938054818,0.07939633135792128
unseen_confirmatory,visitor_register,middle_12_14,8,0.0017758056421244388,0.14757577455494292
unseen_confirmatory,visitor_register,middle_12_14,9,0.0034420022410665487,0.41824505616759144
unseen_confirmatory,visitor_register,middle_12_14,10,0.003912941888407912,0.5220475245353787
unseen_confirmatory,visitor_register,middle_12_14,11,0.0016051479317464453,0.10983282195534123
unseen_confirmatory,visitor_register,middle_12_14,12,0.0011039161225537184,0.10042355339540991
unseen_confirmatory,visitor_register,middle_12_14,13,0.0018987277932844104,0.10643099079471688
unseen_confirmatory,visitor_register,middle_12_14,14,0.0036038296069776598,0.21275910847755367
unseen_confirmatory,visitor_register,middle_12_14,15,0.0018970063971463851,0.116398032538073
unseen_confirmatory,visitor_register,middle_12_14,16,0.00369509007797988,0.27567533854135245
unseen_confirmatory,visitor_register,middle_12_14,17,0.011081704766987714,0.65776923489432
unseen_confirmatory,visitor_register,middle_12_14,18,0.014616760409025605,1.1909954922143804
unseen_confirmatory,visitor_register,middle_12_14,19,0.016983305786324794,1.4017766880434612
unseen_confirmatory,visitor_register,middle_12_14,20,0.06305426335352105,5.024476248164509
unseen_confirmatory,visitor_register,middle_12_14,21,0.16303649371446566,17.468458419622376
unseen_confirmatory,visitor_register,middle_12_14,22,0.05331590654718321,6.380965582160062
unseen_confirmatory,visitor_register,middle_12_14,23,0.1395756431617016,25.158748604530512
unseen_confirmatory,visitor_register,middle_12_14,24,0.14887919666808705,34.74476927380229
unseen_confirmatory,visitor_register,middle_12_14,25,0.04378199088928658,23.218440532684326
unseen_confirmatory,visitor_register,middle_12_14,26,0.07676634577990965,24.205138106678806
unseen_confirmatory,visitor_register,middle_12_14,27,0.06439249163363563,23.370689624963806
unseen_confirmatory,visitor_register,middle_12_14,28,0.0911465504661549,46.31683096774789
unseen_confirmatory,visitor_register,middle_12_14,29,0.10775866662693578,68.1113061239553
unseen_confirmatory,visitor_register,middle_12_14,30,0.058445198807952015,52.50584790872973
unseen_confirmatory,visitor_register,middle_12_14,31,0.09737463377762673,93.83841856135878
unseen_confirmatory,visitor_register,middle_12_14,32,0.05634604013243387,111.94808334528014
unseen_confirmatory,visitor_register,middle_12_14,33,0.09840035733095435,133.27451909974565
unseen_confirmatory,visitor_register,middle_12_14,34,0.06857248633926691,111.69701194763184
unseen_confirmatory,visitor_register,middle_12_14,35,0.026998289308489062,17.88594772094904
unseen_confirmatory,visitor_register,later_middle_19_21,0,0.01048178089306105,0.13038845035399116
unseen_confirmatory,visitor_register,later_middle_19_21,1,0.005215179919655067,0.07337063039804614
unseen_confirmatory,visitor_register,later_middle_19_21,2,0.008560289674828392,0.10993987200565117
unseen_confirmatory,visitor_register,later_middle_19_21,3,0.014342698501423001,0.7172615103596864
unseen_confirmatory,visitor_register,later_middle_19_21,4,0.004990813855709898,0.1676726532710153
unseen_confirmatory,visitor_register,later_middle_19_21,5,0.002707709076402839,0.12082408316606699
unseen_confirmatory,visitor_register,later_middle_19_21,6,0.0036179885189698705,0.11795876950545367
unseen_confirmatory,visitor_register,later_middle_19_21,7,0.0010705570938054818,0.07939633135792128
unseen_confirmatory,visitor_register,later_middle_19_21,8,0.0017758056421244388,0.14757577455494292
unseen_confirmatory,visitor_register,later_middle_19_21,9,0.0034420022410665487,0.41824505616759144
unseen_confirmatory,visitor_register,later_middle_19_21,10,0.003912941888407912,0.5220475245353787
unseen_confirmatory,visitor_register,later_middle_19_21,11,0.0016051479317464453,0.10983282195534123
unseen_confirmatory,visitor_register,later_middle_19_21,12,0.0011039161225537184,0.10042355339540991
unseen_confirmatory,visitor_register,later_middle_19_21,13,0.0018967243018397672,0.10639446510305238
unseen_confirmatory,visitor_register,later_middle_19_21,14,0.0035890051066269015,0.2112928560480129
unseen_confirmatory,visitor_register,later_middle_19_21,15,0.0019070571985604719,0.11684987005279508
unseen_confirmatory,visitor_register,later_middle_19_21,16,0.003769580354686653,0.2792934357773426
unseen_confirmatory,visitor_register,later_middle_19_21,17,0.011761098599256298,0.7058494929657426
unseen_confirmatory,visitor_register,later_middle_19_21,18,0.01621229774426929,1.3136597400487855
unseen_confirmatory,visitor_register,later_middle_19_21,19,0.018028749689069944,1.456614116596621
unseen_confirmatory,visitor_register,later_middle_19_21,20,0.0651890336600847,4.946307212807412
unseen_confirmatory,visitor_register,later_middle_19_21,21,0.15821095625328463,16.8470480719278
unseen_confirmatory,visitor_register,later_middle_19_21,22,0.05243586883122145,6.238449728766153
unseen_confirmatory,visitor_register,later_middle_19_21,23,0.1522458402743173,27.295632916827536
unseen_confirmatory,visitor_register,later_middle_19_21,24,0.148656913620788,33.78532992961795
unseen_confirmatory,visitor_register,later_middle_19_21,25,0.04225987453706736,21.6389408333357
unseen_confirmatory,visitor_register,later_middle_19_21,26,0.07836283955636413,23.148270950760953
unseen_confirmatory,visitor_register,later_middle_19_21,27,0.06526897184897301,22.929109174151755
unseen_confirmatory,visitor_register,later_middle_19_21,28,0.09342127050771269,47.11511279261389
unseen_confirmatory,visitor_register,later_middle_19_21,29,0.10954015702009201,68.29925435088401
unseen_confirmatory,visitor_register,later_middle_19_21,30,0.05996021650038486,53.741757614668025
unseen_confirmatory,visitor_register,later_middle_19_21,31,0.10175615115914234,97.6571373606837
unseen_confirmatory,visitor_register,later_middle_19_21,32,0.057674840179293654,114.72859438075575
unseen_confirmatory,visitor_register,later_middle_19_21,33,0.10161657042281572,137.1218130422193
unseen_confirmatory,visitor_register,later_middle_19_21,34,0.07092998367409374,115.39338546575502
unseen_confirmatory,visitor_register,later_middle_19_21,35,0.027028737524740918,18.080148707988652
unseen_confirmatory,visitor_register,sparse_union,0,0.01048178089306105,0.13038845035399116
unseen_confirmatory,visitor_register,sparse_union,1,0.005215179919655067,0.07337063039804614
unseen_confirmatory,visitor_register,sparse_union,2,0.008560289674828392,0.10993987200565117
unseen_confirmatory,visitor_register,sparse_union,3,0.014342698501423001,0.7172615103596864
unseen_confirmatory,visitor_register,sparse_union,4,0.004990813855709898,0.1676726532710153
unseen_confirmatory,visitor_register,sparse_union,5,0.002707709076402839,0.12082408316606699
unseen_confirmatory,visitor_register,sparse_union,6,0.003654543635283792,0.11886387452656447
unseen_confirmatory,visitor_register,sparse_union,7,0.0010471488230693869,0.07685896886382686
unseen_confirmatory,visitor_register,sparse_union,8,0.0017301538596362915,0.14396823327555214
unseen_confirmatory,visitor_register,sparse_union,9,0.0031779262218299474,0.37623156182641204
unseen_confirmatory,visitor_register,sparse_union,10,0.0038259285488599086,0.49497186669776605
unseen_confirmatory,visitor_register,sparse_union,11,0.0015076170012159923,0.09990554521683344
unseen_confirmatory,visitor_register,sparse_union,12,0.0010542575013417707,0.09513149546935808
unseen_confirmatory,visitor_register,sparse_union,13,0.0017506862235212221,0.09836906242335952
unseen_confirmatory,visitor_register,sparse_union,14,0.003321920054542377,0.1969531538874604
unseen_confirmatory,visitor_register,sparse_union,15,0.0017895430223583135,0.11202337666479655
unseen_confirmatory,visitor_register,sparse_union,16,0.0034399874370306905,0.2576894600724065
unseen_confirmatory,visitor_register,sparse_union,17,0.01054862714751602,0.6383928381079851
unseen_confirmatory,visitor_register,sparse_union,18,0.013198964752603409,1.0892580165419468
unseen_confirmatory,visitor_register,sparse_union,19,0.015513317886913238,1.303486485120862
unseen_confirmatory,visitor_register,sparse_union,20,0.056565139052826306,4.5859290444573695
unseen_confirmatory,visitor_register,sparse_union,21,0.1639444990040258,17.503684487453725
unseen_confirmatory,visitor_register,sparse_union,22,0.052499221421258395,6.146174652631893
unseen_confirmatory,visitor_register,sparse_union,23,0.1490176621564599,27.329463714777038
unseen_confirmatory,visitor_register,sparse_union,24,0.1485629516632058,34.553446614465045
unseen_confirmatory,visitor_register,sparse_union,25,0.04184331478507713,21.467543091884878
unseen_confirmatory,visitor_register,sparse_union,26,0.07697114941858968,22.01548730495364
unseen_confirmatory,visitor_register,sparse_union,27,0.0639269832781581,21.898155245670054
unseen_confirmatory,visitor_register,sparse_union,28,0.09449461908187977,47.86683734627657
unseen_confirmatory,visitor_register,sparse_union,29,0.11090244131899157,69.74718590669853
unseen_confirmatory,visitor_register,sparse_union,30,0.05995792769935242,54.00973129272461
unseen_confirmatory,visitor_register,sparse_union,31,0.10435478865753772,100.05723008444143
unseen_confirmatory,visitor_register,sparse_union,32,0.05961219411949779,118.55168668613878
unseen_confirmatory,visitor_register,sparse_union,33,0.10521201031325861,141.2546421317167
unseen_confirmatory,visitor_register,sparse_union,34,0.07177630279126555,118.70130290541537
unseen_confirmatory,visitor_register,sparse_union,35,0.026133278341487397,17.289112412652305
unseen_confirmatory,visitor_register,late_negative_30_32,0,0.01048178089306105,0.13038845035399116
unseen_confirmatory,visitor_register,late_negative_30_32,1,0.005215179919655067,0.07337063039804614
unseen_confirmatory,visitor_register,late_negative_30_32,2,0.008560289674828392,0.10993987200565117
unseen_confirmatory,visitor_register,late_negative_30_32,3,0.014342698501423001,0.7172615103596864
unseen_confirmatory,visitor_register,late_negative_30_32,4,0.004990813855709898,0.1676726532710153
unseen_confirmatory,visitor_register,late_negative_30_32,5,0.002707709076402839,0.12082408316606699
unseen_confirmatory,visitor_register,late_negative_30_32,6,0.0036179885189698705,0.11795876950545367
unseen_confirmatory,visitor_register,late_negative_30_32,7,0.0010705570938054818,0.07939633135792128
unseen_confirmatory,visitor_register,late_negative_30_32,8,0.0017758056421244388,0.14757577455494292
unseen_confirmatory,visitor_register,late_negative_30_32,9,0.0034420022410665487,0.41824505616759144
unseen_confirmatory,visitor_register,late_negative_30_32,10,0.003912941888407912,0.5220475245353787
unseen_confirmatory,visitor_register,late_negative_30_32,11,0.0016051479317464453,0.10983282195534123
unseen_confirmatory,visitor_register,late_negative_30_32,12,0.0011039161225537184,0.10042355339540991
unseen_confirmatory,visitor_register,late_negative_30_32,13,0.0018967243018397672,0.10639446510305238
unseen_confirmatory,visitor_register,late_negative_30_32,14,0.0035890051066269015,0.2112928560480129
unseen_confirmatory,visitor_register,late_negative_30_32,15,0.0019070571985604719,0.11684987005279508
unseen_confirmatory,visitor_register,late_negative_30_32,16,0.003769580354686653,0.2792934357773426
unseen_confirmatory,visitor_register,late_negative_30_32,17,0.011761098599256298,0.7058494929657426
unseen_confirmatory,visitor_register,late_negative_30_32,18,0.01621229774426929,1.3136597400487855
unseen_confirmatory,visitor_register,late_negative_30_32,19,0.018028749689069944,1.456614116596621
unseen_confirmatory,visitor_register,late_negative_30_32,20,0.06763891758787077,5.151614915492923
unseen_confirmatory,visitor_register,late_negative_30_32,21,0.1581600496415482,16.945115122684214
unseen_confirmatory,visitor_register,late_negative_30_32,22,0.0531466800372961,6.388032342112342
unseen_confirmatory,visitor_register,late_negative_30_32,23,0.1430169543208078,25.198424361472906
unseen_confirmatory,visitor_register,late_negative_30_32,24,0.15104097214549086,34.331078307573186
unseen_confirmatory,visitor_register,late_negative_30_32,25,0.044612201688767866,22.919968516327614
unseen_confirmatory,visitor_register,late_negative_30_32,26,0.07841462823887203,25.44252147230991
unseen_confirmatory,visitor_register,late_negative_30_32,27,0.06557662096307722,24.08574843961139
unseen_confirmatory,visitor_register,late_negative_30_32,28,0.09158619553890339,45.978255826373434
unseen_confirmatory,visitor_register,late_negative_30_32,29,0.10730028204446615,67.01320311080578
unseen_confirmatory,visitor_register,late_negative_30_32,30,0.05906600639397322,52.22683110348014
unseen_confirmatory,visitor_register,late_negative_30_32,31,0.09650854727383269,92.58020871184593
unseen_confirmatory,visitor_register,late_negative_30_32,32,0.055496743306257694,109.01560739029286
unseen_confirmatory,visitor_register,late_negative_30_32,33,0.09711747707495856,130.60754004190133
unseen_confirmatory,visitor_register,late_negative_30_32,34,0.06895566263864207,109.92799395184184
unseen_confirmatory,visitor_register,late_negative_30_32,35,0.028084145750590536,18.864867831385414
unseen_confirmatory,dialogue,clean,0,0.011110766076071317,0.12774613967468573
unseen_confirmatory,dialogue,clean,1,0.007205891095340079,0.08545344327251579
unseen_confirmatory,dialogue,clean,2,0.011103518442575669,0.17395068427851035
unseen_confirmatory,dialogue,clean,3,0.01519035117505768,0.6036152713174043
unseen_confirmatory,dialogue,clean,4,0.005690461752914586,0.13728725082825782
unseen_confirmatory,dialogue,clean,5,0.002696432102861446,0.09749512989507166
unseen_confirmatory,dialogue,clean,6,0.003314593993668813,0.07198544985852963
unseen_confirmatory,dialogue,clean,7,0.0008200768369174195,0.03264717194576596
unseen_confirmatory,dialogue,clean,8,0.0012503076259447478,0.08302142371445201
unseen_confirmatory,dialogue,clean,9,0.003113869164777963,0.37247822321085045
unseen_confirmatory,dialogue,clean,10,0.005490572243214174,0.8604637020549109
unseen_confirmatory,dialogue,clean,11,0.002215830891441857,0.1657853262542292
unseen_confirmatory,dialogue,clean,12,0.0007976221139299099,0.053731518862552424
unseen_confirmatory,dialogue,clean,13,0.0018766422716759924,0.14313628039387769
unseen_confirmatory,dialogue,clean,14,0.003859441139908551,0.4135574388296105
unseen_confirmatory,dialogue,clean,15,0.0031152532942224902,0.2048615738749504
unseen_confirmatory,dialogue,clean,16,0.006120067883044655,0.529359181433223
unseen_confirmatory,dialogue,clean,17,0.0033835079067462493,0.2032513890285478
unseen_confirmatory,dialogue,clean,18,0.002555265259214265,0.15011984774799542
unseen_confirmatory,dialogue,clean,19,0.002843165401975776,0.22568207225480744
unseen_confirmatory,dialogue,clean,20,0.005961336709862185,0.46015514078181846
unseen_confirmatory,dialogue,clean,21,0.01140429464041602,1.296205286456402
unseen_confirmatory,dialogue,clean,22,0.012110132645534049,1.7545120338367861
unseen_confirmatory,dialogue,clean,23,0.04443305739483168,10.871365658072538
unseen_confirmatory,dialogue,clean,24,0.09371685210702031,34.055720052053765
unseen_confirmatory,dialogue,clean,25,0.027670034077451673,24.77995691743008
unseen_confirmatory,dialogue,clean,26,0.026415206925120463,7.4481322377227075
unseen_confirmatory,dialogue,clean,27,0.03494052036643722,11.549305017604384
unseen_confirmatory,dialogue,clean,28,0.05147859070796606,23.11017338065214
unseen_confirmatory,dialogue,clean,29,0.07042925614257191,45.86873946078988
unseen_confirmatory,dialogue,clean,30,0.04479456142803957,48.92420232018759
unseen_confirmatory,dialogue,clean,31,0.09289532969164294,84.37545150934264
unseen_confirmatory,dialogue,clean,32,0.056150190705476805,112.96131484453068
unseen_confirmatory,dialogue,clean,33,0.09041859815980113,120.25795559550441
unseen_confirmatory,dialogue,clean,34,0.05027071419063696,104.86706749228544
unseen_confirmatory,dialogue,clean,35,0.013876889821488497,6.8350923699001935
unseen_confirmatory,dialogue,full_intermediate_bottleneck,0,0.011110766076071317,0.12774613967468573
unseen_confirmatory,dialogue,full_intermediate_bottleneck,1,0.007312389152925895,0.08682295450464238
unseen_confirmatory,dialogue,full_intermediate_bottleneck,2,0.011274149446466635,0.17881362815929014
unseen_confirmatory,dialogue,full_intermediate_bottleneck,3,0.015453672253115232,0.6213555095154185
unseen_confirmatory,dialogue,full_intermediate_bottleneck,4,0.005877686799828743,0.1407570689050264
unseen_confirmatory,dialogue,full_intermediate_bottleneck,5,0.0028762535522367026,0.10562409841737082
unseen_confirmatory,dialogue,full_intermediate_bottleneck,6,0.003321023882626621,0.07322561714884847
unseen_confirmatory,dialogue,full_intermediate_bottleneck,7,0.0008596115133746766,0.0339733200407652
unseen_confirmatory,dialogue,full_intermediate_bottleneck,8,0.0013962852887722643,0.09346064448703167
unseen_confirmatory,dialogue,full_intermediate_bottleneck,9,0.0035160864462404576,0.4269755898520004
unseen_confirmatory,dialogue,full_intermediate_bottleneck,10,0.005695936968550086,0.8708838182826375
unseen_confirmatory,dialogue,full_intermediate_bottleneck,11,0.0024615875600977953,0.1803321873899116
unseen_confirmatory,dialogue,full_intermediate_bottleneck,12,0.0008763417809373201,0.06133437602845735
unseen_confirmatory,dialogue,full_intermediate_bottleneck,13,0.00230523920381106,0.16924474280067656
unseen_confirmatory,dialogue,full_intermediate_bottleneck,14,0.004256945910192159,0.43795143449029256
unseen_confirmatory,dialogue,full_intermediate_bottleneck,15,0.003455320490946517,0.22355441723105518
unseen_confirmatory,dialogue,full_intermediate_bottleneck,16,0.006599938645850607,0.5586468788773514
unseen_confirmatory,dialogue,full_intermediate_bottleneck,17,0.0046337707892742525,0.27073721479364604
unseen_confirmatory,dialogue,full_intermediate_bottleneck,18,0.0036817048283748675,0.22615142608451289
unseen_confirmatory,dialogue,full_intermediate_bottleneck,19,0.00393724130861851,0.2977662302207115
unseen_confirmatory,dialogue,full_intermediate_bottleneck,20,0.007601229962622097,0.5823020136287046
unseen_confirmatory,dialogue,full_intermediate_bottleneck,21,0.014827554717221362,1.3753972006745117
unseen_confirmatory,dialogue,full_intermediate_bottleneck,22,0.02081126670981216,3.0127537787653678
unseen_confirmatory,dialogue,full_intermediate_bottleneck,23,0.03192519802643463,6.576715630154277
unseen_confirmatory,dialogue,full_intermediate_bottleneck,24,0.07933298000242821,21.459719469380932
unseen_confirmatory,dialogue,full_intermediate_bottleneck,25,0.02566787362271963,15.095381398533666
unseen_confirmatory,dialogue,full_intermediate_bottleneck,26,0.030891561452949117,13.275127302768619
unseen_confirmatory,dialogue,full_intermediate_bottleneck,27,0.046129452237902685,17.75919331506241
unseen_confirmatory,dialogue,full_intermediate_bottleneck,28,0.03850053839905317,11.890516696974288
unseen_confirmatory,dialogue,full_intermediate_bottleneck,29,0.05454755173779504,34.384754846262375
unseen_confirmatory,dialogue,full_intermediate_bottleneck,30,0.03587530815410753,37.66638620509658
unseen_confirmatory,dialogue,full_intermediate_bottleneck,31,0.057147261448377784,50.229780197143555
unseen_confirmatory,dialogue,full_intermediate_bottleneck,32,0.0294686755663607,56.868851922279184
unseen_confirmatory,dialogue,full_intermediate_bottleneck,33,0.054499936376719973,76.90967426743619
unseen_confirmatory,dialogue,full_intermediate_bottleneck,34,0.031097137878194105,67.03589505927508
unseen_confirmatory,dialogue,full_intermediate_bottleneck,35,0.020108193202420722,10.676158816315407
unseen_confirmatory,dialogue,early_5_7,0,0.011110766076071317,0.12774613967468573
unseen_confirmatory,dialogue,early_5_7,1,0.007312389152925895,0.08682295450464238
unseen_confirmatory,dialogue,early_5_7,2,0.011274149446466635,0.17881362815929014
unseen_confirmatory,dialogue,early_5_7,3,0.015453672253115232,0.6213555095154185
unseen_confirmatory,dialogue,early_5_7,4,0.005877686799828743,0.1407570689050264
unseen_confirmatory,dialogue,early_5_7,5,0.0028762535522367026,0.10562409841737082
unseen_confirmatory,dialogue,early_5_7,6,0.003311959298349224,0.07313913761010003
unseen_confirmatory,dialogue,early_5_7,7,0.0008565154336771906,0.03385418356764455
unseen_confirmatory,dialogue,early_5_7,8,0.0013716072426177561,0.09175777773177901
unseen_confirmatory,dialogue,early_5_7,9,0.003368550110175166,0.4037472397782082
unseen_confirmatory,dialogue,early_5_7,10,0.005597603872829918,0.8605884389821873
unseen_confirmatory,dialogue,early_5_7,11,0.0023769430435793258,0.17499015644885774
unseen_confirmatory,dialogue,early_5_7,12,0.0008402415882893513,0.05795917296132376
unseen_confirmatory,dialogue,early_5_7,13,0.0021692641082133144,0.1614262283194897
unseen_confirmatory,dialogue,early_5_7,14,0.004172254501311325,0.43609487958425697
unseen_confirmatory,dialogue,early_5_7,15,0.003372792677065834,0.22034067599925883
unseen_confirmatory,dialogue,early_5_7,16,0.006538622858284345,0.5582805343492087
unseen_confirmatory,dialogue,early_5_7,17,0.0044063338793294375,0.2587797421052359
unseen_confirmatory,dialogue,early_5_7,18,0.0035290984598632773,0.21830733464814203
unseen_confirmatory,dialogue,early_5_7,19,0.0037494972036869892,0.286332308033178
unseen_confirmatory,dialogue,early_5_7,20,0.007422424251820112,0.5774355749058169
unseen_confirmatory,dialogue,early_5_7,21,0.014743081294000149,1.4108449791579745
unseen_confirmatory,dialogue,early_5_7,22,0.019754055884753374,2.8677780448004255
unseen_confirmatory,dialogue,early_5_7,23,0.03406493444818744,7.005699258904125
unseen_confirmatory,dialogue,early_5_7,24,0.08388278756810483,23.23107205435287
unseen_confirmatory,dialogue,early_5_7,25,0.026414228917294464,16.79563449427139
unseen_confirmatory,dialogue,early_5_7,26,0.02907957012093691,11.601039453994396
unseen_confirmatory,dialogue,early_5_7,27,0.04355827848925147,15.672326270924058
unseen_confirmatory,dialogue,early_5_7,28,0.04001787656831533,13.04518572951472
unseen_confirmatory,dialogue,early_5_7,29,0.05753547026840753,35.547939677571144
unseen_confirmatory,dialogue,early_5_7,30,0.037947520765281004,40.57110560217569
unseen_confirmatory,dialogue,early_5_7,31,0.06208328287615333,55.47197991748189
unseen_confirmatory,dialogue,early_5_7,32,0.03317722655442912,64.69049729857333
unseen_confirmatory,dialogue,early_5_7,33,0.05964461820156768,83.35183409757393
unseen_confirmatory,dialogue,early_5_7,34,0.033509780609503735,71.86899489025737
unseen_confirmatory,dialogue,early_5_7,35,0.019758212753723182,10.693759025529374
unseen_confirmatory,dialogue,middle_12_14,0,0.011110766076071317,0.12774613967468573
unseen_confirmatory,dialogue,middle_12_14,1,0.007312389152925895,0.08682295450464238
unseen_confirmatory,dialogue,middle_12_14,2,0.011274149446466635,0.17881362815929014
unseen_confirmatory,dialogue,middle_12_14,3,0.015453672253115232,0.6213555095154185
unseen_confirmatory,dialogue,middle_12_14,4,0.005877686799828743,0.1407570689050264
unseen_confirmatory,dialogue,middle_12_14,5,0.0028762535522367026,0.10562409841737082
unseen_confirmatory,dialogue,middle_12_14,6,0.003321023882626621,0.07322561714884847
unseen_confirmatory,dialogue,middle_12_14,7,0.0008596115133746766,0.0339733200407652
unseen_confirmatory,dialogue,middle_12_14,8,0.0013962852887722643,0.09346064448703167
unseen_confirmatory,dialogue,middle_12_14,9,0.0035160864462404576,0.4269755898520004
unseen_confirmatory,dialogue,middle_12_14,10,0.005695936968550086,0.8708838182826375
unseen_confirmatory,dialogue,middle_12_14,11,0.0024615875600977953,0.1803321873899116
unseen_confirmatory,dialogue,middle_12_14,12,0.0008763417809373201,0.06133437602845735
unseen_confirmatory,dialogue,middle_12_14,13,0.00229477277567047,0.16904296418435352
unseen_confirmatory,dialogue,middle_12_14,14,0.004255654108927174,0.4391617346988168
unseen_confirmatory,dialogue,middle_12_14,15,0.0033875763684316257,0.21588250518191693
unseen_confirmatory,dialogue,middle_12_14,16,0.0064542541756879455,0.5507815960188245
unseen_confirmatory,dialogue,middle_12_14,17,0.003967706428781195,0.23336971568506817
unseen_confirmatory,dialogue,middle_12_14,18,0.003210906167433402,0.18898759810470564
unseen_confirmatory,dialogue,middle_12_14,19,0.0035410130127105687,0.2718991262968196
unseen_confirmatory,dialogue,middle_12_14,20,0.00708978291165062,0.54356222547764
unseen_confirmatory,dialogue,middle_12_14,21,0.01328113762835084,1.2587431009945482
unseen_confirmatory,dialogue,middle_12_14,22,0.02013435077766866,2.887172275850939
unseen_confirmatory,dialogue,middle_12_14,23,0.033006133132635854,6.683671032273492
unseen_confirmatory,dialogue,middle_12_14,24,0.08608760630581962,23.950113019277882
unseen_confirmatory,dialogue,middle_12_14,25,0.02711294185868356,17.08822722213213
unseen_confirmatory,dialogue,middle_12_14,26,0.029398609851595273,11.950327249460441
unseen_confirmatory,dialogue,middle_12_14,27,0.04275117896843788,15.313053779823836
unseen_confirmatory,dialogue,middle_12_14,28,0.03942679871566767,12.49641413189644
unseen_confirmatory,dialogue,middle_12_14,29,0.05549814155715149,34.101615295853726
unseen_confirmatory,dialogue,middle_12_14,30,0.037306876896425735,39.56555519547573
unseen_confirmatory,dialogue,middle_12_14,31,0.06080424590686033,53.54653793157533
unseen_confirmatory,dialogue,middle_12_14,32,0.0325672495135561,63.02468328697737
unseen_confirmatory,dialogue,middle_12_14,33,0.0584416507288467,81.52245920757915
unseen_confirmatory,dialogue,middle_12_14,34,0.03307211906974052,70.62569607135862
unseen_confirmatory,dialogue,middle_12_14,35,0.019802313422524306,10.57597362163455
unseen_confirmatory,dialogue,later_middle_19_21,0,0.011110766076071317,0.12774613967468573
unseen_confirmatory,dialogue,later_middle_19_21,1,0.007312389152925895,0.08682295450464238
unseen_confirmatory,dialogue,later_middle_19_21,2,0.011274149446466635,0.17881362815929014
unseen_confirmatory,dialogue,later_middle_19_21,3,0.015453672253115232,0.6213555095154185
unseen_confirmatory,dialogue,later_middle_19_21,4,0.005877686799828743,0.1407570689050264
unseen_confirmatory,dialogue,later_middle_19_21,5,0.0028762535522367026,0.10562409841737082
unseen_confirmatory,dialogue,later_middle_19_21,6,0.003321023882626621,0.07322561714884847
unseen_confirmatory,dialogue,later_middle_19_21,7,0.0008596115133746766,0.0339733200407652
unseen_confirmatory,dialogue,later_middle_19_21,8,0.0013962852887722643,0.09346064448703167
unseen_confirmatory,dialogue,later_middle_19_21,9,0.0035160864462404576,0.4269755898520004
unseen_confirmatory,dialogue,later_middle_19_21,10,0.005695936968550086,0.8708838182826375
unseen_confirmatory,dialogue,later_middle_19_21,11,0.0024615875600977953,0.1803321873899116
unseen_confirmatory,dialogue,later_middle_19_21,12,0.0008763417809373201,0.06133437602845735
unseen_confirmatory,dialogue,later_middle_19_21,13,0.00230523920381106,0.16924474280067656
unseen_confirmatory,dialogue,later_middle_19_21,14,0.004256945910192159,0.43795143449029256
unseen_confirmatory,dialogue,later_middle_19_21,15,0.003455320490946517,0.22355441723105518
unseen_confirmatory,dialogue,later_middle_19_21,16,0.006599938645850607,0.5586468788773514
unseen_confirmatory,dialogue,later_middle_19_21,17,0.0046337707892742525,0.27073721479364604
unseen_confirmatory,dialogue,later_middle_19_21,18,0.0036817048283748675,0.22615142608451289
unseen_confirmatory,dialogue,later_middle_19_21,19,0.00393724130861851,0.2977662302207115
unseen_confirmatory,dialogue,later_middle_19_21,20,0.00745140844928967,0.5727259558300639
unseen_confirmatory,dialogue,later_middle_19_21,21,0.014733815954884428,1.3582322964834612
unseen_confirmatory,dialogue,later_middle_19_21,22,0.019591630125136743,2.8328515641218006
unseen_confirmatory,dialogue,later_middle_19_21,23,0.04638739507428782,10.079245281773945
unseen_confirmatory,dialogue,later_middle_19_21,24,0.09912554503873337,27.037066720252813
unseen_confirmatory,dialogue,later_middle_19_21,25,0.030592240263209787,20.652384286703064
unseen_confirmatory,dialogue,later_middle_19_21,26,0.031790407071279926,13.031035894571348
unseen_confirmatory,dialogue,later_middle_19_21,27,0.04342799893645353,15.30984053500863
unseen_confirmatory,dialogue,later_middle_19_21,28,0.04476102739355938,15.622182374776797
unseen_confirmatory,dialogue,later_middle_19_21,29,0.06346569563327141,38.141646274300506
unseen_confirmatory,dialogue,later_middle_19_21,30,0.039112188268539516,41.29436366502629
unseen_confirmatory,dialogue,later_middle_19_21,31,0.06815190136779187,59.83171316634777
unseen_confirmatory,dialogue,later_middle_19_21,32,0.036613787762647454,70.9678877342579
unseen_confirmatory,dialogue,later_middle_19_21,33,0.06505912958189498,89.84846576424532
unseen_confirmatory,dialogue,later_middle_19_21,34,0.035874133409802306,74.84190277720607
unseen_confirmatory,dialogue,later_middle_19_21,35,0.019245343558966767,10.24243184577587
unseen_confirmatory,dialogue,sparse_union,0,0.011110766076071317,0.12774613967468573
unseen_confirmatory,dialogue,sparse_union,1,0.007312389152925895,0.08682295450464238
unseen_confirmatory,dialogue,sparse_union,2,0.011274149446466635,0.17881362815929014
unseen_confirmatory,dialogue,sparse_union,3,0.015453672253115232,0.6213555095154185
unseen_confirmatory,dialogue,sparse_union,4,0.005877686799828743,0.1407570689050264
unseen_confirmatory,dialogue,sparse_union,5,0.0028762535522367026,0.10562409841737082
unseen_confirmatory,dialogue,sparse_union,6,0.003311959298349224,0.07313913761010003
unseen_confirmatory,dialogue,sparse_union,7,0.0008565154336771906,0.03385418356764455
unseen_confirmatory,dialogue,sparse_union,8,0.0013716072426177561,0.09175777773177901
unseen_confirmatory,dialogue,sparse_union,9,0.003368550110175166,0.4037472397782082
unseen_confirmatory,dialogue,sparse_union,10,0.005597603872829918,0.8605884389821873
unseen_confirmatory,dialogue,sparse_union,11,0.0023769430435793258,0.17499015644885774
unseen_confirmatory,dialogue,sparse_union,12,0.0008402415882893513,0.05795917296132376
unseen_confirmatory,dialogue,sparse_union,13,0.0021605951854347274,0.16132170455746872
unseen_confirmatory,dialogue,sparse_union,14,0.004162655683061065,0.4370099545218224
unseen_confirmatory,dialogue,sparse_union,15,0.0033098909364969926,0.21308747852264448
unseen_confirmatory,dialogue,sparse_union,16,0.006395020237907247,0.5501669456445893
unseen_confirmatory,dialogue,sparse_union,17,0.003760980397156916,0.2224133217404055
unseen_confirmatory,dialogue,sparse_union,18,0.003030849150639179,0.17835073879118576
unseen_confirmatory,dialogue,sparse_union,19,0.0033118725445684654,0.25657002861763156
unseen_confirmatory,dialogue,sparse_union,20,0.006660058399998085,0.5162788033485413
unseen_confirmatory,dialogue,sparse_union,21,0.013052276787104432,1.2690465890390927
unseen_confirmatory,dialogue,sparse_union,22,0.01774720276359382,2.543388015655584
unseen_confirmatory,dialogue,sparse_union,23,0.06106889187250027,13.358879560648008
unseen_confirmatory,dialogue,sparse_union,24,0.12154159105794374,34.68864564008491
unseen_confirmatory,dialogue,sparse_union,25,0.03421025574857066,26.281230216802552
unseen_confirmatory,dialogue,sparse_union,26,0.028410614922989245,10.00291085797687
unseen_confirmatory,dialogue,sparse_union,27,0.03996723524273135,12.985673726991166
unseen_confirmatory,dialogue,sparse_union,28,0.05135687756850276,20.47199367367944
unseen_confirmatory,dialogue,sparse_union,29,0.07225435192501822,44.29654564968375
unseen_confirmatory,dialogue,sparse_union,30,0.04266736203761295,46.110944925352584
unseen_confirmatory,dialogue,sparse_union,31,0.0824500865108052,74.8892488701399
unseen_confirmatory,dialogue,sparse_union,32,0.04847233990467219,95.46871062212212
unseen_confirmatory,dialogue,sparse_union,33,0.07972031091015007,106.95149656783703
unseen_confirmatory,dialogue,sparse_union,34,0.043827510417200795,90.17562282917112
unseen_confirmatory,dialogue,sparse_union,35,0.016556174721742093,8.761868418649186
unseen_confirmatory,dialogue,late_negative_30_32,0,0.011110766076071317,0.12774613967468573
unseen_confirmatory,dialogue,late_negative_30_32,1,0.007312389152925895,0.08682295450464238
unseen_confirmatory,dialogue,late_negative_30_32,2,0.011274149446466635,0.17881362815929014
unseen_confirmatory,dialogue,late_negative_30_32,3,0.015453672253115232,0.6213555095154185
unseen_confirmatory,dialogue,late_negative_30_32,4,0.005877686799828743,0.1407570689050264
unseen_confirmatory,dialogue,late_negative_30_32,5,0.0028762535522367026,0.10562409841737082
unseen_confirmatory,dialogue,late_negative_30_32,6,0.003321023882626621,0.07322561714884847
unseen_confirmatory,dialogue,late_negative_30_32,7,0.0008596115133746766,0.0339733200407652
unseen_confirmatory,dialogue,late_negative_30_32,8,0.0013962852887722643,0.09346064448703167
unseen_confirmatory,dialogue,late_negative_30_32,9,0.0035160864462404576,0.4269755898520004
unseen_confirmatory,dialogue,late_negative_30_32,10,0.005695936968550086,0.8708838182826375
unseen_confirmatory,dialogue,late_negative_30_32,11,0.0024615875600977953,0.1803321873899116
unseen_confirmatory,dialogue,late_negative_30_32,12,0.0008763417809373201,0.06133437602845735
unseen_confirmatory,dialogue,late_negative_30_32,13,0.00230523920381106,0.16924474280067656
unseen_confirmatory,dialogue,late_negative_30_32,14,0.004256945910192159,0.43795143449029256
unseen_confirmatory,dialogue,late_negative_30_32,15,0.003455320490946517,0.22355441723105518
unseen_confirmatory,dialogue,late_negative_30_32,16,0.006599938645850607,0.5586468788773514
unseen_confirmatory,dialogue,late_negative_30_32,17,0.0046337707892742525,0.27073721479364604
unseen_confirmatory,dialogue,late_negative_30_32,18,0.0036817048283748675,0.22615142608451289
unseen_confirmatory,dialogue,late_negative_30_32,19,0.00393724130861851,0.2977662302207115
unseen_confirmatory,dialogue,late_negative_30_32,20,0.007601229962622097,0.5823020136287046
unseen_confirmatory,dialogue,late_negative_30_32,21,0.014827554717221362,1.3753972006745117
unseen_confirmatory,dialogue,late_negative_30_32,22,0.02081126670981216,3.0127537787653678
unseen_confirmatory,dialogue,late_negative_30_32,23,0.03192519802643463,6.576715630154277
unseen_confirmatory,dialogue,late_negative_30_32,24,0.07933298000242821,21.459719469380932
unseen_confirmatory,dialogue,late_negative_30_32,25,0.02566787362271963,15.095381398533666
unseen_confirmatory,dialogue,late_negative_30_32,26,0.030891561452949117,13.275127302768619
unseen_confirmatory,dialogue,late_negative_30_32,27,0.046129452237902685,17.75919331506241
unseen_confirmatory,dialogue,late_negative_30_32,28,0.03850053839905317,11.890516696974288
unseen_confirmatory,dialogue,late_negative_30_32,29,0.05454755173779504,34.384754846262375
unseen_confirmatory,dialogue,late_negative_30_32,30,0.03587530815410753,37.66638620509658
unseen_confirmatory,dialogue,late_negative_30_32,31,0.05699573312128006,50.1515492062236
unseen_confirmatory,dialogue,late_negative_30_32,32,0.029359111183344624,56.67193769854168
unseen_confirmatory,dialogue,late_negative_30_32,33,0.054419850540715596,76.7988504365433
unseen_confirmatory,dialogue,late_negative_30_32,34,0.031009485035441643,67.03877700761308
unseen_confirmatory,dialogue,late_negative_30_32,35,0.019947868685216405,10.558336280113043
